brand,model,variant,price
Google,Pixel 60,6/128 GB,13000.0
Google,Pixel 7,128 GB,20000.0
Google,Pixel 7,256 GB,21000.0
Google,Pixel 7 pro,12/128 GB,26000.0
Google,Pixel 7 pro,256 GB,27000.0
Google,Pixel 7a,8/128 GB,18000.0
Google,Pixel 8,128 GB,24800.0
Google,Pixel 8,256 GB,26000.0
Google,Pixel 8 pro,12/128 GB,34000.0
Google,Pixel 8 pro,12/256 GB,36000.0
Google,Pixel 8 pro,512 GB,38000.0
Google,Pixel 8A,8/128 GB,24000.0
Google,Pixel 8A,8/256 GB,25900.0
Google,Pixel 9,12/256 GB,40000.0
Google,pixel 9 pro XL,256 GB,58900.0
Google,pixel 9 pro XL,512 GB,62000.0
Google,Pixel 9 pro fold,16/256 GB,75000.0
Google,Pixel 9 pro,16/256 GB,53000.0
Google,pixel 9a,8/256 GB,33400.0
Google,pixel 10,12/256 GB,55000.0
Google,pixel 10 pro,16/256 GB,70000.0
Google,pixel 10 proxl,16/256 GB,75000.0
Google,pixel 10 pro fold,256 GB,85000.0
Google,Pixel 60,6/128 GB,13000.0
Google,Pixel 7,128 GB,20000.0
Google,Pixel 7,256 GB,21000.0
Google,Pixel 7 pro,12/128 GB,26000.0
Google,Pixel 7 pro,256 GB,27000.0
Google,Pixel 7a,8/128 GB,18000.0
Google,Pixel 8,128 GB,24800.0
Google,Pixel 8,256 GB,26000.0
Google,Pixel 8 pro,12/128 GB,34000.0
Google,Pixel 8 pro,12/256 GB,36000.0
Google,Pixel 8 pro,512 GB,38000.0
Google,Pixel 8A,8/128 GB,24000.0
Google,Pixel 8A,8/256 GB,25900.0
Google,Pixel 9,12/256 GB,40000.0
Google,pixel 9 pro XL,256 GB,58900.0
Google,pixel 9 pro XL,512 GB,62000.0
Google,Pixel 9 pro fold,16/256 GB,75000.0
Google,Pixel 9 pro,16/256 GB,53000.0
Google,pixel 9a,8/256 GB,33400.0
Google,pixel 10,12/256 GB,55000.0
Google,pixel 10 pro,16/256 GB,70000.0
Google,pixel 10 proxl,16/256 GB,75000.0
Honor series,Honor 7S,2/16 GB,1900.0
Honor series,Honor 7A,3/32 GB,2300.0
Honor series,Honor 7C,3/32 GB,2000.0
Honor series,Honor 7C,4/64 GB,3000.0
Honor series,Honor 7x,32 GB,2000.0
Honor series,Honor 7x,64 GB,2500.0
Honor series,Honor 8x,4/64 GB,3800.0
Honor series,Honor 8x,6/64 GB,3880.0
Honor series,Honor 8x,6/128 GB,4000.0
Honor series,Honor 8,4/32 GB,3000.0
Honor series,Honor 8 pro,4/64 GB,3000.0
Honor series,Honor 8 pro,6/128 GB,3900.0
Honor series,Honor 8 Smart,2/16 GB,8999.0
Honor series,Honor 8C,32 GB,3000.0
Honor series,Honor 8C,64 GB,3500.0
Honor series,Honor 9 N,3/32 GB,2500.0
Honor series,Honor 9 N,4/64 GB,3000.0
Honor series,Honor 9 N,4/128 GB,3500.0
Honor series,Honor 9 lite,3/32 GB,2500.0
Honor series,Honor 9 lite,4/64 GB,3000.0
Honor series,Honor 9i,4/64 GB,2900.0
Honor series,Honor 9x pro,6/256 GB,4000.0
Honor series,Honor 9A,3/64 GB,3000.0
Honor series,Honor 95,2/32 GB,3000.0
Honor series,Honor90,8/256 GB,12000.0
Honor series,Honor90,12/256 GB,13000.0
Honor series,Honor90,12/512 GB,14000.0
Honor series,Honor Holly 4 plus,3/32 GB,1200.0
Honor series,Honor 10,6/128 GB,3000.0
Honor series,Honor View 10,6/128 GB,3900.0
Honor series,Honor 10 lite,3/32 GB,2900.0
Honor series,Honor 10 lite,6/64 GB,3900.0
Honor series,Honor 10 lite,4/64 GB,3000.0
Honor series,Honor 10 lite,6/128 GB,4900.0
Honor series,Honor 5C,2/16 GB,12999.0
Honor series,Honor 6X,3/32 GB,1800.0
Honor series,Honor 6X,4/64 GB,2000.0
Honor series,Honor play,4/64 GB,3000.0
Honor series,Honor play,6/64 GB,3600.0
Honor series,Honor view 20,6/128 GB,4400.0
Honor series,Honor view 20,8/128 GB,5500.0
Honor series,Honor view 20,8/256 GB,6000.0
Honor series,Honor20i,4/128 GB,3500.0
Honor series,Honor 20,6/128 GB,3900.0
Honor series,Honor 200 5G,8/256 GB,14000.0
Honor series,Honor 200 5G,12/512 GB,16500.0
Honor series,Honor 200 pro 5G,12/512 GB,23000.0
Honor series,Honor 200 lite 5G,8/256 GB,9900.0
Infinix,Infinix Smart 3 plus,2/32 GB,2000.0
Infinix,Infinix S4,3/32 GB,3000.0
Infinix,Infinix S4,4/64 GB,4000.0
Infinix,Infinix smart 2,2/16 GB,1100.0
Infinix,Infinix smart 2,3/32 GB,1500.0
Infinix,Infinix S5,4/64 GB,3000.0
Infinix,Infinix S5 pro,4/64 GB,4000.0
Infinix,Infinix S5 lite,4/64 GB,3010.0
Infinix,Infinix Smart HD 2021,2/32 GB,2999.0
Infinix,Infinix Smart 5,2/32 GB,3100.0
Infinix,Infinix Smart 4 plus,3/32 GB,3300.0
Infinix,Infinix Smart 4,2/32 GB,2010.0
Infinix,Infinix Smart 6,2/64 GB,3800.0
Infinix,Infinix Smart 6plus,3/64 GB,3900.0
Infinix,Infinix Smart 6 HD,2/32 GB,3300.0
Infinix,Infinix Smart 7,4/64 GB,3250.0
Infinix,Infinix Smart 7,4/128 GB,4000.0
Infinix,Infinix Smart 7 HD,2/64 GB,3350.0
Infinix,Infinix Smart 8 HD,3/64 GB,4300.0
Infinix,Infinix Smart 8,4/64 GB,4000.0
Infinix,Infinix Smart 9 HD,3/64 GB,5000.0
Infinix,Infinix Smart 10,4/64 GB,5000.0
Infinix,Infinix Zero 5 pro,6/128 GB,3000.0
Infinix,Infinix Zero 8i,8/128 GB,5000.0
Infinix,Infinix Zero 5G,8/128 GB,7000.0
Infinix,Infinix Zero Ultra,8/256 GB,13000.0
Infinix,Infinix Zero 20,8/128 GB,8000.0
Infinix,Infinix Zero 5G 2023,8/128 GB,9000.0
Infinix,Infinix Zero 5G2003 Turbo,8/256 GB,9500.0
Infinix,Infinix Zero Flip 5G,8/512 GB,22000.0
Infinix,Infinix Zero 40 5G,256 GB,14000.0
Infinix,Infinix Zero 40 5G,512 GB,16000.0
Infinix,Infinix Hot S3x,3/32 GB,2000.0
Infinix,Infinix Hot 7pro,6/64 GB,3000.0
Infinix,Infinix Hot S3,3/32 GB,2000.0
Infinix,Infinix Hot S3,4/64 GB,3000.0
Infinix,Infinix Hot 6pro,3/32 GB,3000.0
Infinix,Infinix Hot 7,4/64 GB,3250.0
Infinix,Infinix Hot 8,4/64 GB,4500.0
Infinix,Infinix Hot 9 pro,4/64 GB,4350.0
Infinix,Infinix Hot 10,4/64 GB,4250.0
Infinix,Infinix Hot 10,6/128 GB,4900.0
Infinix,Infinix Hot 10 play,3/32 GB,3330.0
Infinix,Infinix Hot 10 play,6/64 GB,4990.0
Infinix,Infinix Hot 10s,4/64 GB,3700.0
Infinix,Infinix Hot 10s,6/64 GB,3990.0
Infinix,Infinix Hot 11,4/64 GB,4450.0
Infinix,Infinix Hot 11s,4/64 GB,4450.0
Infinix,Infinix Hot 11s,4/128 GB,4450.0
Infinix,Infinix Hot 12 play,4/64 GB,4990.0
Infinix,Infinix Hot 9,4/64 GB,3200.0
Infinix,Infinix Hot 11 2022,4/64 GB,3300.0
Infinix,Infinix Hot 12,4/64 GB,4400.0
Infinix,infinix Hot 12 pro,6/64 GB,4400.0
Infinix,infinix Hot 12 pro,8/128 GB,5000.0
Infinix,Infinix Hot 20 5G,4/64 GB,6500.0
Infinix,Infinix Hot 20 5G,6/128 GB,7900.0
Infinix,Infinix Hot 20 play,4/64 GB,5000.0
Infinix,Infinix Hot 30i,4/64 GB,4000.0
Infinix,Infinix Hot 30i,8/128 GB,5800.0
Infinix,Infinix Hot 30 5G,4/128 GB,6500.0
Infinix,Infinix Hot 30 5G,8/128 GB,7900.0
Infinix,Infinix Hot 40i,8/256 GB,5400.0
Infinix,Infinix Hot 50 5G,4/128 GB,5500.0
Infinix,Infinix Hot 50 5G,8/128 GB,6500.0
Infinix,Infinix 60i 5G,4/128 GB,8000.0
Infinix,Infinix Note 5 stylus,4/64 GB,2000.0
Infinix,Infinix Note 5,3/32 GB,2000.0
Infinix,Infinix Note 5,4/64 GB,2150.0
Infinix,Infinix Note 4,3/32 GB,1800.0
Infinix,Infinix Note 7,4/64 GB,3850.0
Infinix,Infinix Note 10,4/64 GB,3900.0
Infinix,Infinix Note 10,6/128 GB,4800.0
Infinix,Infinix Note 10 pro,8/256 GB,6000.0
Infinix,Infinix Note 11s,6/64 GB,4250.0
Infinix,Infinix Note 11s,8/128 GB,5250.0
Infinix,Infinix Note 11s,4/64 GB,4100.0
Infinix,Infinix Note 11s,6/128 GB,4250.0
Infinix,Infinix Note 11s free fire Edition,8/128 GB,5350.0
Infinix,Infinix Note 12 Turbo,8/128 GB,5150.0
Infinix,Infinix Note 12,4/64 GB,4980.0
Infinix,Infinix Note 12,6/128 GB,5090.0
Infinix,Infinix Note 12 pro 4G,8/256 GB,6900.0
Infinix,Infinix Note 12 pro 5G,8/128 GB,7800.0
Infinix,Infinix Note 12 5G,6/64 GB,6000.0
Infinix,Infinix Note 12i,4/64 GB,4950.0
Infinix,Infinix Note 30 5G,4/128 GB,7900.0
Infinix,Infinix Note 30 5G,8/256 GB,9000.0
Infinix,Infinix Note 40 pro 5G,8/256 GB,11200.0
Infinix,Infinix Note 40 5G,8/256 GB,9000.0
Infinix,Infinix Note 40pro plus 5G,12/256 GB,12000.0
Infinix,Infinix Note 40x 5G,8/256 GB,7000.0
Infinix,Infinix Note 40x 5G,12/256 GB,8000.0
Infinix,Infinix Note 50x 5G,6/128 GB,7000.0
Infinix,Infinix Note 50x 5G,8/128 GB,9000.0
Infinix,Infinix GT 10 pro,8/256 GB,12000.0
Infinix,Infinix GT 20 Pro,8/256 GB,12990.0
Infinix,Infinix GT 20 Pro,12/256 GB,13990.0
Apple,I PHONE 6S,16GB,1980.0
Apple,I PHONE 6S,32GB,2500.0
Apple,I PHONE 6S,64GB,2700.0
Apple,I PHONE 6S,128GB,2800.0
Apple,I PHONE 6S +,16GB,3000.0
Apple,I PHONE 6S +,32GB,3700.0
Apple,I PHONE 6S +,64GB,4300.0
Apple,I PHONE 6S +,128GB,4500.0
Apple,I PHONE 6 PLUS,16GB,2800.0
Apple,I PHONE 6 PLUS,32GB,3500.0
Apple,I PHONE 6 PLUS,64GB,4100.0
Apple,I PHONE 6 PLUS,128GB,4300.0
Apple,I PHONE SE 1ST GEN,16GB,2100.0
Apple,I PHONE SE 1ST GEN,32GB,2400.0
Apple,I PHONE SE 1ST GEN,64GB,2500.0
Apple,I PHONE SE 1ST GEN,128GB,2600.0
Apple,I PHONE 7,32GB,6000.0
Apple,I PHONE 7,128GB,6400.0
Apple,I PHONE 7,256GB,6550.0
Apple,I PHONE 7 PLUS,32GB,7300.0
Apple,I PHONE 7 PLUS,128GB,7700.0
Apple,I PHONE 7 PLUS,256GB,7900.0
Apple,I PHONE 8,64GB,7000.0
Apple,I PHONE 8,128GB,7100.0
Apple,I PHONE 8,256GB,7300.0
Apple,I PHONE 8 PLUS,64GB,10600.0
Apple,I PHONE 8 PLUS,128GB,11800.0
Apple,I PHONE 8 PLUS,256GB,11900.0
Apple,I PHONE X,64GB,13500.0
Apple,I PHONE X,256GB,13800.0
Apple,I PHONE XS,64GB,14200.0
Apple,I PHONE XS,256GB,15700.0
Apple,I PHONE XS,512GB,16800.0
Apple,I PHONE XS MAX,64GB,16500.0
Apple,I PHONE XS MAX,256GB,17000.0
Apple,I PHONE XS MAX,512GB,17500.0
Apple,I PHONE XR,64GB,13000.0
Apple,I PHONE XR,128GB,13500.0
Apple,I PHONE XR,256GB,14000.0
Apple,I PHONE 11,64GB,20000.0
Apple,I PHONE 11,128GB,21500.0
Apple,I PHONE 11,256GB,22500.0
Apple,I PHONE 11 PRO,64GB,27000.0
Apple,I PHONE 11 PRO,256GB,27500.0
Apple,I PHONE 11 PRO,512GB,28500.0
Apple,I PHONE 11 PRO MAX,64GB,28000.0
Apple,I PHONE 11 PRO MAX,256GB,28500.0
Apple,I PHONE 11 PRO MAX,512GB,29000.0
Apple,I PHONE 12 MINI,64GB,19000.0
Apple,I PHONE 12 MINI,256GB,21000.0
Apple,I PHONE 12 MINI,512GB,20000.0
Apple,I PHONE 12,64GB,22000.0
Apple,I PHONE 12,128GB,26000.0
Apple,I PHONE 12,256GB,27000.0
Apple,I PHONE 12 PRO,128GB,35000.0
Apple,I PHONE 12 PRO,256GB,36000.0
Apple,I PHONE 12 PRO,512GB,36500.0
Apple,I PHONE  12 PRO MAX,128GB,37000.0
Apple,I PHONE  12 PRO MAX,256GB,39000.0
Apple,I PHONE  12 PRO MAX,512GB,40000.0
Apple,I PHONE 13 MINI,128GB,32000.0
Apple,I PHONE 13 MINI,256GB,33500.0
Apple,I PHONE 13 MINI,512GB,36000.0
Apple,I PHONE 13,128GB,34000.0
Apple,I PHONE 13,256GB,36000.0
Apple,I PHONE 13,512GB,38000.0
Apple,I PHONE 13 PRO,128GB,52000.0
Apple,I PHONE 13 PRO,256GB,53000.0
Apple,I PHONE 13 PRO,512GB,56000.0
Apple,I PHONE 13 PRO MAX,128GB,57000.0
Apple,I PHONE 13 PRO MAX,256GB,58500.0
Apple,I PHONE 13 PRO MAX,512GB,60500.0
Apple,I PHONE 14,128GB,38000.0
Apple,I PHONE 14,256GB,42000.0
Apple,I PHONE 14,512GB,43500.0
Apple,I PHONE 14 PLUS,128GB,43000.0
Apple,I PHONE 14 PLUS,256GB,45000.0
Apple,I PHONE 14 PLUS,512GB,47000.0
Apple,I PHONE 14 PRO,128GB,64000.0
Apple,I PHONE 14 PRO,256GB,68000.0
Apple,I PHONE 14 PRO,512GB,72000.0
Apple,I PHONE 14 PRO MAX,128GB,68000.0
Apple,I PHONE 14 PRO MAX,256GB,69000.0
Apple,I PHONE 14 PRO MAX,512GB,71000.0
Apple,I PHONE 15,128GB,46000.0
Apple,I PHONE 15,256GB,50000.0
Apple,I PHONE 15,512GB,54500.0
Apple,I PHONE 15 PLUS,128GB,50000.0
Apple,I PHONE 15 PLUS,256GB,53550.0
Apple,I PHONE 15 PLUS,512GB,55800.0
Apple,I PHONE 15 PRO,128GB,74000.0
Apple,I PHONE 15 PRO,256GB,78000.0
Apple,I PHONE 15 PRO,512GB,79000.0
Apple,I PHONE 15 PRO MAX,256GB,88000.0
Apple,I PHONE 15 PRO MAX,512GB,91000.0
Apple,I PHONE 16,128GB,53000.0
Apple,I PHONE 16,256GB,56000.0
Apple,I PHONE 16,512GB,62080.0
Apple,I PHONE 16 PLUS,128GB,59000.0
Apple,I PHONE 16 PLUS,256GB,63000.0
Apple,I PHONE 16 PLUS,512GB,66500.0
Apple,I PHONE 16 E,128GB,42000.0
Apple,I PHONE 16 E,256GB,49000.0
Apple,I PHONE 16 E,512GB,55000.0
Apple,I PHONE 16 PRO,128GB,78000.0
Apple,I PHONE 16 PRO,256GB,82000.0
Apple,I PHONE 16 PRO,512GB,85000.0
Apple,I PHONE 16 PRO MAX,256GB,93000.0
Apple,I PHONE 16 PRO MAX,512GB,99000.0
Apple,I PHONE 17,256 GB,63000.0
Apple,I PHONE 17,512 GB,71000.0
Apple,I PHONE 17 AR,256 GB,83083.0
Apple,I PHONE 17 pro,256 GB,92090.0
Apple,I PHONE 17 pro,512 GB,96060.0
Apple,I PHONE 12 pro max,256 GB,101000.0
Apple,I PHONE 12 pro max,512 GB,110000.0
IQOO,Iqoo 3,128 GB,8000.0
IQOO,Iqoo 3,256 GB,9000.0
IQOO,Iqoo 7 5G,8/128 GB,9800.0
IQOO,Iqoo 7 5G,8/256 GB,11000.0
IQOO,Iqoo 7 5G,12/256 GB,14000.0
IQOO,Iqoo 7 Legend 5G,8/128 GB,17000.0
IQOO,Iqoo 7 Legend 5G,12/256 GB,18000.0
IQOO,Iqoo 23 5G,6/128 GB,9500.0
IQOO,Iqoo 23 5G,8/128 GB,10000.0
IQOO,Iqoo 23 5G,12/256 GB,10500.0
IQOO,Iqoo Z5 5G,8/128 GB,13800.0
IQOO,Iqoo Z5 5G,12/256 GB,14800.0
IQOO,Iqoo 9 5G,8/128 GB,12800.0
IQOO,Iqoo 9 5G,12/256 GB,18800.0
IQOO,Iqoo 9pro 5G,8/256 GB,17000.0
IQOO,Iqoo 9pro 5G,12/256 GB,18000.0
IQOO,Iqoo 9 SE 5G,8/128 GB,12000.0
IQOO,Iqoo 9 SE 5G,12/256 GB,13500.0
IQOO,Iqoo Z6 pro 5G,6/128 GB,11000.0
IQOO,Iqoo Z6 pro 5G,8/128 GB,11500.0
IQOO,Iqoo Z6 pro 5G,12/256 GB,12000.0
IQOO,Iqoo Z6 5G,4/128 GB,9800.0
IQOO,Iqoo Z6 5G,6/128 GB,10200.0
IQOO,Iqoo Z6 5G,12/512 GB,11200.0
IQOO,Iqoo Z6,4/128 GB,8400.0
IQOO,Iqoo Z6,6/128 GB,9200.0
IQOO,Iqoo Z6,8/128 GB,9900.0
IQOO,Iqoo Neo 6 5G,8/128 GB,10500.0
IQOO,Iqoo 9T 5G,8/128 GB,15000.0
IQOO,Iqoo 9T 5G,12/256 GB,17000.0
IQOO,Iqoo 3 5G,12/256 GB,9000.0
IQOO,Iqoo Z6 lite 5G,4/64 GB,7800.0
IQOO,Iqoo Z6 lite 5G,6/128 GB,8000.0
IQOO,Iqoo 11 5G,8/128 GB,20500.0
IQOO,Iqoo 11 5G,16/256 GB,24000.0
IQOO,Iqoo Neo 7 5G,8/128 GB,15000.0
IQOO,Iqoo Neo 7 5G,12/256 GB,16000.0
IQOO,Iqoo Z7 5G,6/128 GB,11300.0
IQOO,Iqoo Z7 5G,8/128 GB,11900.0
IQOO,Iqoo Z7s 5G,6/128 GB,9300.0
IQOO,Iqoo Z7s 5G,8/128 GB,11000.0
IQOO,Iqoo Neo 7pro 5G,8/128 GB,16000.0
IQOO,Iqoo Neo 7pro 5G,12/256 GB,17000.0
IQOO,Iqoo Z7 pro 5G,8/128 GB,12000.0
IQOO,Iqoo Z7 pro 5G,8/256 GB,13400.0
IQOO,Iqoo 12 5G,12/256 GB,30000.0
IQOO,Iqoo 12 5G,16/256 GB,31000.0
IQOO,Iqoo 12 5G,16/512 GB,32800.0
IQOO,Iqoo Neo 9 pro 5G,8/128 GB,17900.0
IQOO,Iqoo Neo 9 pro 5G,8/256 GB,17000.0
IQOO,Iqoo Neo 9 pro 5G,12/256 GB,17500.0
IQOO,Iqoo Z9 5G,128 GB,12000.0
IQOO,Iqoo Z9 5G,256 GB,13000.0
IQOO,Iqoo Z9x 5G,4/128 GB,7500.0
IQOO,Iqoo Z9x 5G,6/128 GB,7800.0
IQOO,Iqoo Z9x 5G,8/128 GB,8100.0
IQOO,Iqoo Z9 lite 5G,4/128 GB,7000.0
IQOO,Iqoo Z9 lite 5G,6/128 GB,7400.0
IQOO,Iqoo Z9s 5G,8/128 GB,11500.0
IQOO,Iqoo Z9s 5G,8/256 GB,11900.0
IQOO,Iqoo Z9s 5G,12/256 GB,12600.0
IQOO,Iqoo Z9s pro 5G,8/128 GB,14000.0
IQOO,Iqoo Z9s pro 5G,8/256 GB,15500.0
IQOO,Iqoo Z9s pro 5G,12/256 GB,16000.0
IQOO,Iqoo 13 5G,12/256 GB,33000.0
IQOO,Iqoo 13 5G,16/512 GB,34000.0
IQOO,Iqoo Neo 10 R 5G,8/128 GB,16000.0
IQOO,Iqoo Neo 10 R 5G,8/256 GB,18000.0
IQOO,Iqoo Neo 10 R 5G,12/256 GB,19200.0
IQOO,Iqoo Z10 5G,8/128 GB,14000.0
IQOO,Iqoo Z10 5G,8/256 GB,15000.0
IQOO,Iqoo Z10 5G,12/256 GB,16000.0
IQOO,Iqoo Z10x 5G,6/128 GB,9999.0
IQOO,Iqoo Z10x 5G,8/128 GB,10999.0
IQOO,Iqoo Z10x 5G,8/256 GB,11999.0
IQOO,Iqoo Neo 10,8/128 GB,20000.0
IQOO,Iqoo Neo 10,8/256 GB,21000.0
IQOO,Iqoo Neo 10,12/256 GB,22000.0
IQOO,Iqoo Neo 10,16/512 GB,24800.0
IQOO,Iqoo Z10 lite 5G,4/128 GB,6500.0
IQOO,Iqoo Z10 lite 5G,6/128 GB,7200.0
IQOO,Iqoo Z10 lite 5G,8/256 GB,8200.0
Lenovo series,Lenovo A5,2/16 GB,6999.0
Lenovo series,Lenovo A5,3/32 GB,1500.0
Lenovo series,Lenovo A6 Note,3/32 GB,1500.0
Lenovo series,Lenovo k9 Note,4/64 GB,1500.0
Lenovo series,Lenovo k10 Note,4/64 GB,1600.0
Lenovo series,Lenovo k10 Note,6/128 GB,1610.0
Lenovo series,Lenovo k10 plus,4/64 GB,2000.0
Lenovo series,Lenovo Z6 pro,8/128 GB,6000.0
Moto,Motorola moto E5 plus,3/32 GB,2000.0
Moto,Moto E5,2/16 GB,1900.0
Moto,Moto E6s,4/64 GB,3000.0
Moto,Moto E6s,Moto E7 plus4/64 GB,3900.0
Moto,Moto E7 power,2/32 GB,3000.0
Moto,Moto E7 power,4/64 GB,3900.0
Moto,Moto E40,4/64 GB,4400.0
Moto,Moto E32s,3/32 GB,4300.0
Moto,Moto E32s,4/64 GB,4500.0
Moto,Moto E13,2/64 GB,4000.0
Moto,Moto E13,4/64 GB,4900.0
Moto,Moto E13,8/128 GB,5000.0
Moto,Moto32,4/64 GB,5000.0
Moto,Moto 22s,4/64 GB,4300.0
Moto,Moto G8 plus,4/64 GB,3300.0
Moto,Moto G6 Plus,4/64 GB,4000.0
Moto,Moto G6,3/32 GB,3000.0
Moto,Moto G6,4/64 GB,3500.0
Moto,Moto G6 Play,3/32 GB,2980.0
Moto,Moto G7 Power,4/64 GB,3900.0
Moto,Moto G7,4/64 GB,3850.0
Moto,Moto G8 power lite,4/64 GB,4000.0
Moto,Moto G9,4/64 GB,3500.0
Moto,Moto G9 Power,4/64 GB,4000.0
Moto,Moto G 5G,6/128 GB,1600.0
Moto,Moto G30,4/64 GB,4000.0
Moto,Moto G10 power,4/64 GB,4350.0
Moto,Moto G60,6/128 GB,6250.0
Moto,Moto G40 Fusion,4/64 GB,4300.0
Moto,Moto G40 Fusion,6/128 GB,6000.0
Moto,Moto G31,4/64 GB,4500.0
Moto,Moto G31,6/128 GB,5000.0
Moto,Moto G51 5G,4/64 GB,6000.0
Moto,Moto G52,4/64 GB,6000.0
Moto,Moto G52,6/128 GB,7000.0
Moto,Moto G71 5G,6/128 GB,9000.0
Moto,Moto G82 5G,6/128 GB,10000.0
Moto,Moto G82 5G,8/128 GB,10900.0
Moto,Moto G22,4/64 GB,6000.0
Moto,Moto G42,4/64 GB,6000.0
Moto,Moto G32,4/64 GB,6000.0
Moto,Moto G32,8/128 GB,6250.0
Moto,Moto G72,6/128 GB,7700.0
Moto,Moto G62 5G,6/128 GB,8800.0
Moto,Moto G62 5G,8/128 GB,9200.0
Moto,Moto G73 5G,8/128 GB,9900.0
Moto,Moto G13,4/64 GB,4400.0
Moto,Moto G13,4/128 GB,5020.0
Moto,Moto G14,4/128 GB,5400.0
Moto,Moto G54 5G,8/128 GB,9300.0
Moto,Moto G54 5G,12/256 GB,10100.0
Moto,Moto G84 5G,12/256 GB,12000.0
Moto,Moto G34 5G,4/128 GB,7000.0
Moto,Moto G34 5G,8/128 GB,7400.0
Moto,Moto G64 5G,8/128 GB,9300.0
Moto,Moto G64 5G,12/256 GB,9600.0
Moto,Moto G04,4/64 GB,4500.0
Moto,Moto G04,8/128 GB,5000.0
Moto,Moto G24 power,4/128 GB,4400.0
Moto,Moto G24 power,8/128 GB,5600.0
Moto,Moto G85,8/128 GB,11300.0
Moto,Moto G85,12/256 GB,12000.0
Moto,Moto G04s,4/64 GB,5000.0
Moto,Moto G45 5G,4/128 GB,7000.0
Moto,Moto G45 5G,8/128 GB,8000.0
Moto,Moto G35 5G,4/128 GB,8000.0
Moto,Moto G05,4/64 GB,5000.0
Moto,Moto G96 5G,128 GB,11350.0
Moto,Moto G96 5G,256 GB,13900.0
Moto,Moto Z2 force,6/64 GB,2000.0
Moto,One power,4/64 GB,4000.0
Moto,Moto one,4/64 GB,4250.0
Moto,One Vision,4/128 GB,4400.0
Moto,Motorola One action,4/128 GB,3990.0
Moto,One Macro,4/64 GB,4000.0
Moto,One Fusion plus,6/128 GB,6000.0
Moto,Moto edge plus,12/256 GB,10100.0
Moto,Motoe edge 20 pro,8/128 GB,9900.0
Moto,Moto edge 20 Fusion,6/128 GB,8080.0
Moto,Moto edge 20 Fusion,8/128 GB,9080.0
Moto,Moto edge 20,8/128 GB,8060.0
Moto,Moto edge 30 pro,8/128 GB,13980.0
Moto,Moto edge 30,6/128 GB,10300.0
Moto,Moto edge 30,8/128 GB,11200.0
Moto,Moto edge 30 Fusion,8/128 GB,14400.0
Moto,Moto edge 30 Ultra,8/128 GB,17900.0
Moto,Moto edge 30 Ultra,12/256 GB,19900.0
Moto,Moto Edge 40,8/256 GB,15090.0
Moto,Moto edge 40 Neo,8/128 GB,13650.0
Moto,Moto edge 40 Neo,12/256 GB,14960.0
Moto,Moto edge 50 pro 5G,8/256 GB,17250.0
Moto,Moto edge 50 pro 5G,12/256 GB,18650.0
Moto,Moto edge 50 Fusion,8/128 GB,13250.0
Moto,Moto edge 50 Fusion,12/256 GB,14900.0
Moto,Moto edge 50 Ultra,12/512 GB,28055.0
Moto,Moto edge 50,8/256 GB,15000.0
Moto,Moto edge 50 Neo,8/256 GB,14000.0
Moto,Moto edge 60 pro,8/256 GB,19500.0
Moto,Moto edge 60 pro,12/256 GB,21000.0
Moto,Moto edge 60 pro,16/512 GB,24500.0
Moto,Moto edge 60 fusion,8/256 GB,15000.0
Moto,Moto edge 60 fusion,12/256 GB,16000.0
Moto,Moto edge 60 Stylus,8/256 GB,1600.0
Moto,Moto edge 60,12/256 GB,17000.0
Moto,Moto Razr,6/128 GB,11000.0
Moto,Moto Razr 5G,8/256 GB,13000.0
Moto,Moto Razr 40 Ultra,8/256 GB,24800.0
Moto,Moto Razr 50 Ultra,12/512 GB,35000.0
Moto,Moto Razr 60 Ultra,8/256 GB,30000.0
Nothing,Phone 1,8/128 GB,14890.0
Nothing,Phone 1,8/256 GB,15500.0
Nothing,Phone 1,12/256 GB,16500.0
Nothing,Phone 2,8/128 GB,21000.0
Nothing,Phone 2,12/256 GB,22000.0
Nothing,Phone 2,12/512 GB,23000.0
Nothing,Phone 2a 5G,8/128 GB,12700.0
Nothing,Phone 2a 5G,8/256 GB,14000.0
Nothing,Phone 2a 5G,12/256 GB,14500.0
Nothing,CMF Nothing Phone 1,6/128 GB,9000.0
Nothing,CMF Nothing Phone 1,8/128 GB,9300.0
Nothing,Phone 2a plus,8/256 GB,13000.0
Nothing,Phone 2a plus,12/256 GB,13500.0
Nothing,Phone 3a,128 GB,14900.0
Nothing,Phone 3a,256 GB,16500.0
Nothing,Phone 5a pro,8/128 GB,17800.0
Nothing,Phone 5a pro,8/256 GB,21500.0
Nothing,Phone 5a pro,12/256 GB,22000.0
Nothing,CMF by Nothing Phone 2 pro,128 GB,11200.0
Nothing,CMF by Nothing Phone 2 pro,256 GB,12500.0
Oneplus series,Oneplus 6T,6/128 GB,6000.0
Oneplus series,Oneplus 6T,8/128 GB,6300.0
Oneplus series,Oneplus 6T,8/256 GB,6500.0
Oneplus series,Oneplus 6,6/64 GB,4000.0
Oneplus series,Oneplus 6,8/128 GB,4300.0
Oneplus series,Oneplus 6,8/256 GB,4990.0
Oneplus series,Oneplus ST,6/64 GB,3000.0
Oneplus series,Oneplus ST,8/128 GB,3200.0
Oneplus series,Oneplus 5,6/64 GB,3000.0
Oneplus series,Oneplus 5,8/128 GB,3600.0
Oneplus series,Oneplus 3T,64 GB,2400.0
Oneplus series,Oneplus 3T,128 GB,2800.0
Oneplus series,Oneplus 3,6/64 GB,2400.0
Oneplus series,Oneplus 6T Melaren,10/256 GB,6500.0
Oneplus series,Oneplus 7,6/128 GB,6500.0
Oneplus series,Oneplus 7,8/256 GB,7000.0
Oneplus series,Oneplus 7 pro,6/128 GB,7800.0
Oneplus series,Oneplus 7 pro,8/256 GB,10000.0
Oneplus series,Oneplus 7 pro,12/256 GB,10500.0
Oneplus series,Oneplus 7T,128 GB,7000.0
Oneplus series,Oneplus 7T,256 GB,7400.0
Oneplus series,Oneplus 7T pro,8/256 GB,9900.0
Oneplus series,Oneplus 7T pro,12/256 GB,10500.0
Oneplus series,Oneplus 8,6/128 GB,10000.0
Oneplus series,Oneplus 8,8/128 GB,10600.0
Oneplus series,Oneplus 8,12/256 GB,12000.0
Oneplus series,Oneplus 8pro,12/256 GB,14900.0
Oneplus series,Oneplus 8pro,8/128 GB,13900.0
Oneplus series,Oneplus 7Tpro Mclaren edition,12/256 GB,11000.0
Oneplus series,Oneplus Nord,6/64 GB,7200.0
Oneplus series,Oneplus Nord,8/128 GB,8000.0
Oneplus series,Oneplus Nord,12/256 GB,9000.0
Oneplus series,Oneplus 8T,8/128 GB,10000.0
Oneplus series,Oneplus 8T,12/256 GB,11000.0
Oneplus series,Oneplus 9 5G,8/128 GB,11000.0
Oneplus series,Oneplus 9 5G,12/256 GB,12000.0
Oneplus series,oneplus 9R 5G,8/128 GB,10000.0
Oneplus series,oneplus 9R 5G,12/256 GB,11200.0
Oneplus series,oneplus 9pro 5G,8/128 GB,14000.0
Oneplus series,oneplus 9pro 5G,12/256 GB,15900.0
Oneplus series,oneplus nord CE,6/128 GB,8300.0
Oneplus series,oneplus nord CE,8/128 GB,8900.0
Oneplus series,oneplus nord CE,12/256 GB,9800.0
Oneplus series,oneplus nord 2 5G,6/128 GB,9000.0
Oneplus series,oneplus nord 2 5G,8/128 GB,9600.0
Oneplus series,oneplus nord 2 5G,12/256 GB,10000.0
Oneplus series,Oneplus 9RT 5G,8/128 GB,11300.0
Oneplus series,Oneplus 9RT 5G,12/256 GB,12000.0
Oneplus series,Oneplus Nord CE 2 5G,6/128 GB,11000.0
Oneplus series,Oneplus Nord CE 2 5G,8/128 GB,11900.0
Oneplus series,Oneplus 10 pro 5G,8/128 GB,20800.0
Oneplus series,Oneplus 10 pro 5G,12/256 GB,24000.0
Oneplus series,Oneplus Nord CE2 lite 5G,6/128 GB,9900.0
Oneplus series,Oneplus Nord CE2 lite 5G,8/128 GB,11000.0
Oneplus series,Oneplus 10R 5G,8/128 GB,14000.0
Oneplus series,Oneplus 10R 5G,12/256 GB,15900.0
Oneplus series,Oneplus Nord 2T 5G,8/128 GB,13000.0
Oneplus series,Oneplus Nord 2T 5G,12/256 GB,14200.0
Oneplus series,Oneplus 10 T 5G,8/128 GB,20000.0
Oneplus series,Oneplus 10 T 5G,12/256 GB,21000.0
Oneplus series,Oneplus 10 T 5G,16/256 GB,22000.0
Oneplus series,Oneplus 11 5G,8/128 GB,25600.0
Oneplus series,Oneplus 11 5G,16/256 GB,27600.0
Oneplus series,Oneplus 11 5G  marble edition,16/256 GB,27900.0
Oneplus series,Oneplus 11R 5G,8/128 GB,20600.0
Oneplus series,Oneplus 11R 5G,16/256 GB,22000.0
Oneplus series,Oneplus 11R 5G,18/512 GB,24000.0
Oneplus series,oneplus Nord CE 3 lite 5G,128 GB,11000.0
Oneplus series,oneplus Nord CE 3 lite 5G,256 GB,12000.0
Oneplus series,Oneplus Nord 3 5G lite,8/128 GB,14000.0
Oneplus series,Oneplus Nord 3 5G lite,16/256 GB,16000.0
Oneplus series,Oneplus Nord CE 3 5G,8/128 GB,14800.0
Oneplus series,Oneplus Nord CE 3 5G,12/256 GB,16000.0
Oneplus series,Oneplus open,16/512 GB,59000.0
Oneplus series,oneplus 12,12/256 GB,36000.0
Oneplus series,oneplus 12,16/512 GB,38000.0
Oneplus series,Oneplus 12 R,8/128 GB,24490.0
Oneplus series,Oneplus 12 R,8/256 GB,25900.0
Oneplus series,Oneplus 12 R,16/256 GB,26000.0
Oneplus series,Oneplus nord CE4 5G,128 GB,14900.0
Oneplus series,Oneplus nord CE4 5G,256 GB,15900.0
Oneplus series,oneplus nord CE4 lite 5G,128 GB,12800.0
Oneplus series,oneplus nord CE4 lite 5G,256 GB,14000.0
Oneplus series,oneplus nord 4,8/128 GB,18000.0
Oneplus series,oneplus nord 4,8/256 GB,19000.0
Oneplus series,oneplus nord 4,12/256 GB,20900.0
Oneplus series,Oneplus 13,12/256 GB,44900.0
Oneplus series,Oneplus 13,16/512 GB,44900.0
Oneplus series,Oneplus 13 R,12/256 GB,29000.0
Oneplus series,Oneplus 13 R,16/512 GB,31000.0
Oneplus series,Oneplus 13s,256 GB,37000.0
Oneplus series,Oneplus 13s,512 GB,39000.0
Oneplus series,Oneplus Nord 5,8/256 GB,22000.0
Oneplus series,Oneplus Nord 5,12/256 GB,24000.0
Oneplus series,Oneplus Nord 5,12/512 GB,26900.0
Oneplus series,Oneplus Nord CE 5,8/128 GB,17800.0
Oneplus series,Oneplus Nord CE 5,8/256 GB,19000.0
Oneplus series,Oneplus Nord CE 5,12/256 GB,20900.0
OPPO,F11 Avenger edition,6/128 GB,5500.0
OPPO,F9 pro,6/64 GB,3500.0
OPPO,F9 pro,6/128 GB,4000.0
OPPO,F9,4/64 GB,3000.0
OPPO,F7,4/64 GB,3800.0
OPPO,F7,6/128 GB,4300.0
OPPO,F5 youth,3/32 GB,2800.0
OPPO,F5,4/32 GB,3200.0
OPPO,F5,6/64 GB,3800.0
OPPO,F3,4/64 GB,2200.0
OPPO,F3 plus,4/64 GB,2990.0
OPPO,F3 plus,6/64 GB,3300.0
OPPO,F1s,3/32 GB,2900.0
OPPO,F1s,4/64 GB,3400.0
OPPO,F1 plus,6/64 GB,2800.0
OPPO,F1,3/16 GB,1800.0
OPPO,F11pro,64 GB,4900.0
OPPO,F11pro,128 GB,5900.0
OPPO,F11,4/128 GB,4000.0
OPPO,F11,6/128 GB,4900.0
OPPO,F15,4/128 GB,5600.0
OPPO,F15,8/128 GB,6000.0
OPPO,F17 pro,8/128 GB,7000.0
OPPO,F17,6/128 GB,6900.0
OPPO,F17,8/128 GB,6800.0
OPPO,F19pro,128 GB,6000.0
OPPO,F19pro,256 GB,7000.0
OPPO,F19Pro plus 5G,8/128 GB,9900.0
OPPO,F19,6/128 GB,7000.0
OPPO,F19s,6/128 GB,7080.0
OPPO,F21 pro,8/128 GB,9900.0
OPPO,F21pro 5G,8/128 GB,12000.0
OPPO,F21s pro,8/128 GB,10900.0
OPPO,F21s pro 5G,8/128 GB,10800.0
OPPO,F23 5G,8/256 GB,12000.0
OPPO,F25 pro 5G,128 GB,14000.0
OPPO,F25 pro 5G,256 GB,16000.0
OPPO,F27 pro plus 5G,128 GB,14400.0
OPPO,F27 pro plus 5G,256 GB,16800.0
OPPO,F27 5G,128 GB,12800.0
OPPO,F27 5G,256 GB,13900.0
OPPO,F29 5G,128 GB,15400.0
OPPO,F29 5G,256 GB,17000.0
OPPO,F29 pro 5G,8/128 GB,15800.0
OPPO,F29 pro 5G,8/256 GB,17000.0
OPPO,F29 pro 5G,12/256 GB,19000.0
OPPO,F31 pro 5G,8/128 GB,19000.0
OPPO,F31 pro 5G,8/256 GB,21000.0
OPPO,F31 pro 5G,12/256 GB,23000.0
OPPO,F31 5G,128 GB,16200.0
OPPO,F31 5G,256 GB,18000.0
OPPO,R11,4/64 GB,3000.0
OPPO,R17 Pro,8/128 GB,6000.0
OPPO,R17,8/128 GB,5600.0
OPPO,R15 pro,6/128 GB,5000.0
OPPO,A7,4/64 GB,3000.0
OPPO,A7,3/64GB,3500.0
OPPO,A3s,2/16 GB,2000.0
OPPO,A3s,3/32 GB,2999.0
OPPO,A3s,4/64 GB,3999.0
OPPO,A5,32 GB,3900.0
OPPO,A5,64 GB,4000.0
OPPO,A83,3/32 GB,3000.0
OPPO,A83,4/64 GB,3250.0
OPPO,A83,2/16 GB,2000.0
OPPO,A71,3/16 GB,1700.0
OPPO,A 33,2/16 GB,1100.0
OPPO,A77,4/64 GB,2200.0
OPPO,A 57,3/32 GB,2200.0
OPPO,A 31,2/16 GB,1100.0
OPPO,A 37 F,2/16 GB,1100.0
OPPO,A5s,2/32 GB,3000.0
OPPO,A5s,3/32 GB,3250.0
OPPO,A5s,4/64 GB,3700.0
OPPO,A1K,2/32 GB,3000.0
OPPO,A9,4/128 GB,4000.0
OPPO,A5 2020,3/64 GB,3900.0
OPPO,A5 2020,4/64 GB,4400.0
OPPO,A5 2020,4/128 GB,4900.0
OPPO,A5 2020,6/128 GB,5300.0
OPPO,A9 2020,8/128 GB,7800.0
OPPO,A9 2020,4/128 GB,9000.0
OPPO,A71 2018,3/16 GB,2000.0
OPPO,A31,4/64 GB,4000.0
OPPO,A31,6/128 GB,5000.0
OPPO,A12,3/32 GB,3900.0
OPPO,A12,4/64 GB,4400.0
OPPO,A52,4/128 GB,4900.0
OPPO,A52,6/128 GB,5300.0
OPPO,A52,8/128 GB,5900.0
OPPO,A11 K,2/32 GB,3000.0
OPPO,A53,4/64 GB,5300.0
OPPO,A53,6/128 GB,5900.0
OPPO,A33 2020,3/32 GB,3900.0
OPPO,A15,2/32 GB,3300.0
OPPO,A15,3/32 GB,4000.0
OPPO,A15s,4/64 GB,4000.0
OPPO,A15s,4/128 GB,4900.0
OPPO,A54,4/64 GB,5200.0
OPPO,A54,4/128 GB,5900.0
OPPO,A54,6/128 GB,6800.0
OPPO,A53s 5G,6/128 GB,7000.0
OPPO,A53s 5G,8/128 GB,7800.0
OPPO,A74 5G,6/128 GB,7400.0
OPPO,A55,4/64 GB,5000.0
OPPO,A55,4/128 GB,5500.0
OPPO,A55,6/128 GB,6000.0
OPPO,A16,4/64 GB,5200.0
OPPO,A1 6K,3/32 GB,3300.0
OPPO,A1 6K,4/64 GB,4000.0
OPPO,A76,6/128 GB,8800.0
OPPO,A16e,3/32 GB,3300.0
OPPO,A16e,4/64 GB,4200.0
OPPO,A96,8/128 GB,8500.0
OPPO,A57 2022,4/64 GB,6500.0
OPPO,A77 2022,64 GB,5000.0
OPPO,A77 2022,128 GB,6000.0
OPPO,A17 K,3/64 GB,5000.0
OPPO,A77s,8/128 GB,8200.0
OPPO,A78 5G,8/128 GB,10900.0
OPPO,A78,8/128 GB,8800.0
OPPO,A58,6/128 GB,7000.0
OPPO,A38,4/128 GB,6600.0
OPPO,A17,4/64 GB,6000.0
OPPO,A18,64 GB,5500.0
OPPO,A18,128 GB,6500.0
OPPO,A79 5G,8/128 GB,10500.0
OPPO,A59 5G,4/128 GB,8500.0
OPPO,A59 5G,6/128 GB,9500.0
OPPO,A3 pro 5G,128 GB,10500.0
OPPO,A3 pro 5G,256 GB,11500.0
OPPO,A3x 5G,64 GB,7500.0
OPPO,A3x 5G,128 GB,8300.0
OPPO,A3 5G,6/128 GB,9500.0
OPPO,A3x,64 GB,5500.0
OPPO,A3x,128 GB,5900.0
OPPO,A5 pro 5G,128 GB,12800.0
OPPO,A5 pro 5G,256 GB,13900.0
OPPO,A5 5G,6/128 GB,9500.0
OPPO,A5 5G,8/128 GB,10500.0
OPPO,A5x 5G,4/128 GB,7000.0
OPPO,A5x 5G,4/64 GB,6000.0
OPPO,K1,4/64 GB,4500.0
OPPO,K1,6/64 GB,5080.0
OPPO,K3,6/64 GB,5500.0
OPPO,K3,8/128 GB,6000.0
OPPO,K10,6/128 GB,5400.0
OPPO,K10,8/128 GB,6000.0
OPPO,K10 5G,6/128 GB,7000.0
OPPO,K10 5G,8/128 GB,8000.0
OPPO,K12x 5G,6/128 GB,8500.0
OPPO,K12x 5G,8/256 GB,9600.0
OPPO,K13 5G,128 GB,11900.0
OPPO,K13 5G,256 GB,14000.0
OPPO,K13x 5G,4/128 GB,8000.0
OPPO,K13x 5G,6/128 GB,9000.0
OPPO,K13x 5G,8/128 GB,10800.0
OPPO,RENO,8/128 GB,6000.0
OPPO,Reno 10x Zoom,6/128 GB,7080.0
OPPO,Reno 10x Zoom,8/256 GB,7900.0
OPPO,Reno 22,8/256 GB,8000.0
OPPO,Reno 2,8/256 GB,8000.0
OPPO,Reno 2 f,6/256 GB,6080.0
OPPO,Reno 2 f,8/128 GB,7080.0
OPPO,Reno 3 pro,8/128 GB,6600.0
OPPO,Reno 3 pro,8/256 GB,7000.0
OPPO,Reno 4 pro,8/128 GB,8000.0
OPPO,Reno 5 pro 5G,8/128 GB,10500.0
OPPO,Reno 6 5G,8/128 GB,9000.0
OPPO,Reno 6 pro 5G,12/256 GB,11000.0
OPPO,Reno 7 5G,8/256 GB,12000.0
OPPO,Reno 7pro 5G,12/256 GB,14000.0
OPPO,Reno 8 5G,8/128 GB,13800.0
OPPO,Reno 8 5G,12/256 GB,15900.0
OPPO,Reno 8T 5G,8/128 GB,14900.0
OPPO,Reno 10 5G,8/256 GB,15080.0
OPPO,Reno 10 pro 5G,12/256 GB,19000.0
OPPO,Reno 10 pro plus 5G,12/256 GB,21000.0
OPPO,Reno 11 5G,128 GB,14900.0
OPPO,Reno 11 5G,256  GB,15900.0
OPPO,Reno 11 pro 5G,12/256 GB,19900.0
OPPO,Reno 12 5G,8/256 GB,15500.0
OPPO,Reno 12 pro 5G,256 GB,19900.0
OPPO,Reno 12 pro 5G,512 GB,21800.0
OPPO,Reno 13 5G,8/128 GB,17700.0
OPPO,Reno 13 5G,8/256 GB,19800.0
OPPO,Reno 13 5G,12/512 GB,22000.0
OPPO,Reno13 pro 5G,256 GB,24000.0
OPPO,Reno13 pro 5G,512 GB,29000.0
OPPO,Reno14 5G,8/256 GB,26000.0
OPPO,Reno14 5G,12/256 GB,27000.0
OPPO,Reno14 5G,12/512 GB,29000.0
OPPO,Reno14 pro 5G,256 GB,32000.0
OPPO,Reno14 pro 5G,512 GB,36000.0
OPPO,Find X,8/256 GB,8000.0
OPPO,Find X2,12/256 GB,13000.0
OPPO,Find N2 Flip 5G,8/256 GB,27000.0
OPPO,Find N3 Flip 5G,12/256 GB,27000.0
OPPO,Find X8 5G,12/256 GB,36800.0
OPPO,Find X8 5G,16/512 GB,42000.0
OPPO,Find X8pro 5G,16/512 GB,52000.0
Realme series,Realme 2 pro,4/64 GB,3000.0
Realme series,Realme 2 pro,6/64 GB,3800.0
Realme series,Realme 2 pro,8/128 GB,3900.0
Realme series,Realme 2,3/32GB,2700.0
Realme series,Realme 2,4/64 GB,3000.0
Realme series,Realme,3/32 GB,2800.0
Realme series,Realme,4/64 GB,2900.0
Realme series,Realme,6/128GB,3200.0
Realme series,Realme C1 2019,2/32 GB,2000.0
Realme series,Realme C1 2019,3/32 GB,2300.0
Realme series,Realme C1,2/16 GB,2100.0
Realme series,Realme C2,2/16 GB,2200.0
Realme series,Realme C2,3/32 GB,2800.0
Realme series,Realme C2,2/32 GB,2900.0
Realme series,Realme C3,4/64 GB,3900.0
Realme series,Realme C3,3/32 GB,3200.0
Realme series,Realme C11,2/32 GB,3000.0
Realme series,Realme C12,3/32 GB,3000.0
Realme series,Realme C12,4/64 GB,3500.0
Realme series,Realme C15,3/32 GB,3000.0
Realme series,Realme C15,3/64 GB,3500.0
Realme series,Realme C15,4/64 GB,4000.0
Realme series,Realme C15 Qualcomm edition,3/32 GB,3000.0
Realme series,Realme C15 Qualcomm edition,4/64 GB,3900.0
Realme series,Realme C21,3/32 GB,3400.0
Realme series,Realme C21,4/64 GB,3800.0
Realme series,Realme C20,2/32 GB,2900.0
Realme series,Realme C25,4/64 GB,3800.0
Realme series,Realme C25,4/128 GB,4200.0
Realme series,Realme C25s,64 GB,3800.0
Realme series,Realme C25s,128 GB,4500.0
Realme series,Realme C11 2021,2/32 GB,3000.0
Realme series,Realme C11 2021,4/64 GB,3500.0
Realme series,Realme C21Y,3/32 GB,3000.0
Realme series,Realme C21Y,4/64 GB,3800.0
Realme series,Realme C25 Y,64 GB,4000.0
Realme series,Realme C25 Y,128 GB,4500.0
Realme series,Realme C35,4/64 GB,6000.0
Realme series,Realme C35,4/128 GB,6200.0
Realme series,Realme C35,6/128 GB,6500.0
Realme series,Realme C31,3/32 GB,4000.0
Realme series,Realme C31,4/64 GB,4500.0
Realme series,Realme C30,2/32 GB,4000.0
Realme series,Realme C30,3/32 GB,4300.0
Realme series,Realme C33,3/32 GB,4000.0
Realme series,Realme C33,4/64 GB,6000.0
Realme series,Realme C30s,2/32 GB,4000.0
Realme series,Realme C30s,4/64 GB,4600.0
Realme series,Realme C55,4/64 GB,5000.0
Realme series,Realme C55,6/64 GB,6000.0
Realme series,Realme C55,8/128 GB,6500.0
Realme series,Realme C33 2023,64 GB,5000.0
Realme series,Realme C33 2023,128 GB,5300.0
Realme series,Realme C53,4/128 GB,5500.0
Realme series,Realme C53,6/64 GB,5400.0
Realme series,Realme C53,6/128 GB,6000.0
Realme series,Realme C67 5G,4/128 GB,7000.0
Realme series,Realme C67 5G,6/128 GB,7800.0
Realme series,Realme C51,128 GB,5500.0
Realme series,Realme C51,64 GB,5000.0
Realme series,Realme C65 5G,4/64 GB,4500.0
Realme series,Realme C65 5G,4/128 GB,5000.0
Realme series,Realme C65 5G,6/128 GB,5500.0
Realme series,Realme C65 5G,8/128 GB,7000.0
Realme series,Realme C61,4/64 GB,4000.0
Realme series,Realme C61,4/128 GB,4500.0
Realme series,Realme C61,6/128 GB,5000.0
Realme series,Realme C63,64 GB,5000.0
Realme series,Realme C63,128 GB,5300.0
Realme series,Realme C63 5G,4/128 GB,6000.0
Realme series,Realme C63 5G,6/128 GB,6500.0
Realme series,Realme C63 5G,8/128 GB,7000.0
Realme series,Realme C75 5G,4/128 GB,8800.0
Realme series,Realme C75 5G,6/128 GB,9000.0
Realme series,Realme C73 5G,64 GB,6900.0
Realme series,Realme C73 5G,128 GB,7200.0
Realme series,Realme 3,3/32 GB,2500.0
Realme series,Realme 3,4/64 GB,3000.0
Realme series,Realme 3,3/64 GB,3200.0
Realme series,Realme 3 pro,4/64 GB,3600.0
Realme series,Realme 3 pro,6/64 GB,3900.0
Realme series,Realme 3 pro,6/128 GB,4000.0
Realme series,Realme 3i,3/32 GB,3000.0
Realme series,Realme 3i,4/64 GB,3300.0
Realme series,Realme 5,3/32 GB,3000.0
Realme series,Realme 5,4/64 GB,3300.0
Realme series,Realme 5,4/128 GB,3800.0
Realme series,Realme5 pro,4/64 GB,3400.0
Realme series,Realme5 pro,6/64 GB,3900.0
Realme series,Realme5 pro,8/128 GB,4000.0
Realme series,Realme 5s,64 GB,3300.0
Realme series,Realme 5s,128 GB,3900.0
Realme series,Realme 5i,4/64 GB,3900.0
Realme series,Realme 5i,4/128 GB,4000.0
Realme series,Realme 6,4/64 GB,4900.0
Realme series,Realme 6,6/64 GB,5000.0
Realme series,Realme 6,6/128 GB,5300.0
Realme series,Realme 6,8/128 GB,6000.0
Realme series,Realme6 Pro,6/64 GB,5000.0
Realme series,Realme6 Pro,6/128 GB,5500.0
Realme series,Realme6 Pro,8/128 GB,6000.0
Realme series,Realme 6i,4/64 GB,4500.0
Realme series,Realme 6i,6/64 GB,5000.0
Realme series,Realme x,4/128 GB,4000.0
Realme series,Realme x,8/128 GB,4900.0
Realme series,Realme x T,4/64 GB,4900.0
Realme series,Realme x T,6/64 GB,5000.0
Realme series,Realme x T,8/128 GB,5300.0
Realme series,Realme x2 pro,6/64 GB,5000.0
Realme series,Realme x2 pro,8/128 GB,5500.0
Realme series,Realme x2 pro,12/256 GB,6000.0
Realme series,Realme x2,4/64 GB,4000.0
Realme series,Realme x2,6/128 GB,4500.0
Realme series,Realme x2,8/128 GB,5000.0
Realme series,Realme x2,8/256 GB,6000.0
Realme series,Realme x50 pro,6/128 GB,7000.0
Realme series,Realme x50 pro,8/128 GB,7500.0
Realme series,Realme x50 pro,12 /256 GB,8000.0
Realme series,Realme x3,6/128 GB,5500.0
Realme series,Realme x3,8/128 GB,6000.0
Realme series,Realme x3 super zoom,8/128 GB,5600.0
Realme series,Realme x3 super zoom,8/256 GB,6500.0
Realme series,Realme x3 super zoom,12/256 GB,7000.0
Realme series,Realme x7,6/128 GB,7900.0
Realme series,Realme x7,8/128 GB,8200.0
Realme series,Realme x7 pro,8/128 GB,8000.0
Realme series,Realme x7 max 5G,8/128 GB,8300.0
Realme series,Realme x7 max 5G,12/256 GB,9000.0
Realme series,Realme U1,3/32 GB,3000.0
Realme series,Realme U1,4/64 GB,3900.0
Realme series,Realme U1,3/64 GB,4300.0
Realme series,Narzo 10 A,3/32 GB,4000.0
Realme series,Narzo 10 A,4/64 GB,4300.0
Realme series,Narzo 20 pro,6/64 GB,5000.0
Realme series,Narzo 20 pro,8/128 GB,5500.0
Realme series,Narzo 20,64 GB,4900.0
Realme series,Narzo 20,128 GB,5300.0
Realme series,Narzo 20 A,3/32 GB,4000.0
Realme series,Narzo 20 A,4/64 GB,4300.0
Realme series,Narzo 30 A,3/32 GB,4000.0
Realme series,Narzo 30 A,4/64 GB,4300.0
Realme series,Narzo 30 pro 5G,6/64 GB,7000.0
Realme series,Narzo 30 pro 5G,8/128 GB,8000.0
Realme series,Narzo 30,4/64 GB,5000.0
Realme series,Narzo 30,6/64 GB,5500.0
Realme series,Narzo 30,6/128 GB,6000.0
Realme series,Narzo 30 5G,4/64 GB,7000.0
Realme series,Narzo 30 5G,6/128 GB,7900.0
Realme series,Narzo 50 a,64 GB,4400.0
Realme series,Narzo 50 a,128 GB,5000.0
Realme series,Narzo 50i,2/32 GB,3300.0
Realme series,Narzo 50i,4/64 GB,3900.0
Realme series,Narzo 50,4/64 GB,6000.0
Realme series,Narzo 50,6/128 GB,7000.0
Realme series,Narzo 50 A prime,64 GB,5500.0
Realme series,Narzo 50 A prime,128 GB,6000.0
Realme series,Narzo 50 5G,4/64 GB,7200.0
Realme series,Narzo 50 5G,4/128 GB,7900.0
Realme series,Narzo 50 5G,6/128 GB,8900.0
Realme series,Narzo 50 pro 5G,6/128 GB,10200.0
Realme series,Narzo 50 pro 5G,8/128 GB,11000.0
Realme series,Narzo 50i prime,3/32 GB,4500.0
Realme series,Narzo 50i prime,4/64 GB,5000.0
Realme series,Narzo N53,4/64 GB,5500.0
Realme series,Narzo N53,6/128 GB,6200.0
Realme series,Narzo N53,8/128 GB,6800.0
Realme series,Narzo N55,4/64 GB,6300.0
Realme series,Narzo N55,8/256 GB,7000.0
Realme series,Narzo 60 5G,8/128 GB,9900.0
Realme series,Narzo 60 5G,8/256 GB,10500.0
Realme series,Narzo 60 pro 5G,8/128 GB,15300.0
Realme series,Narzo 60 pro 5G,12/256 GB,16000.0
Realme series,Narzo 60x 5G,4/128 GB,8000.0
Realme series,Narzo 60x 5G,6/128 GB,8300.0
Realme series,Narzo 70 5G,8/128 GB,9300.0
Realme series,Narzo 70 5G,6/128 GB,8300.0
Realme series,Narzo 70 pro 5G,128 GB,11000.0
Realme series,Narzo 70 pro 5G,256 GB,12000.0
Realme series,Narzo 70 x 5G,4/128 GB,6200.0
Realme series,Narzo 70 x 5G,6/128 GB,7000.0
Realme series,Narzo 70 x 5G,8/128 GB,7500.0
Realme series,Narzo N65 5G,4/128 GB,6000.0
Realme series,Narzo N65 5G,6/128 GB,6500.0
Realme series,Narzo N65 5G,8/128 GB,7000.0
Realme series,Narzo N61,4/64 GB,4300.0
Realme series,Narzo N61,6/128 GB,5000.0
Realme series,Narzo 70 Turbo 5G,6/128 GB,10000.0
Realme series,Narzo 70 Turbo 5G,8/128 GB,11000.0
Realme series,Narzo 70 Turbo 5G,12/256 GB,12000.0
Realme series,Narzo N63,4/64 GB,4300.0
Realme series,Narzo N63,4/128 GB,5000.0
Realme series,Narzo 80x 50,6/128 GB,8500.0
Realme series,Narzo 80x 50,8/128 GB,9300.0
Realme series,Narzo 80 pro 5G,8/128 GB,12700.0
Realme series,Narzo 80 pro 5G,8/256 GB,13700.0
Realme series,Narzo 80 pro 5G,12/256 GB,14500.0
Realme series,7 Pro,6/128 GB,6000.0
Realme series,7 Pro,8/128 GB,7000.0
Realme series,Realme 7,6/64 GB,6000.0
Realme series,Realme 7,8/128 GB,7000.0
Realme series,Realme 7i,64 GB,4000.0
Realme series,Realme 7i,128 GB,5000.0
Realme series,Realme 8,4/128 GB,5600.0
Realme series,Realme 8,6/128 GB,5800.0
Realme series,Realme 8,8/128 GB,6000.0
Realme series,Realme 8 pro,6/128 GB,7000.0
Realme series,Realme 8 pro,8/128 GB,7300.0
Realme series,Realme 8 5G,4/64 GB,7000.0
Realme series,Realme 8 5G,4/128 GB,7600.0
Realme series,Realme 8 5G,8/128 GB,8000.0
Realme series,Realme 8i,4/64 GB,5000.0
Realme series,Realme 8i,6/128 GB,5500.0
Realme series,Realme 8s 5G,6/128 GB,7000.0
Realme series,Realme 8s 5G,8/128 GB,7500.0
Realme series,GT 5G,8/128 GB,9300.0
Realme series,GT 5G,12/256 GB,10000.0
Realme series,GT master edition,6/128 GB,8000.0
Realme series,GT master edition,8/128 GB,8900.0
Realme series,GT master edition,8/256 Gb,9300.0
Realme series,GT Neo 2,8/128 GB,10000.0
Realme series,GT Neo 2,12/256 GB,11000.0
Realme series,GT 2,8/128 GB,13000.0
Realme series,GT 2,12/256 GB,14000.0
Realme series,GT 2 Pro,8/128 GB,14000.0
Realme series,GT 2 Pro,12/256 GB,16000.0
Realme series,GT Neo3,128 GB,13000.0
Realme series,GT Neo3,256 GB,14500.0
Realme series,GT Neo 3 150 w,12/256 GB,14500.0
Realme series,GT Neo 3T,6/128 GB,11800.0
Realme series,GT Neo 3T,8/128 GB,12800.0
Realme series,GT Neo 3T,8/256 GB,13800.0
Realme series,GT 6T 5G,8/128 GB,15400.0
Realme series,GT 6T 5G,8/256 GB,16500.0
Realme series,GT 6T 5G,12/256 GB,18000.0
Realme series,GT 6T 5G,12/512 GB,19000.0
Realme series,GT 6,8/256 GB,18000.0
Realme series,GT 6,12/256 GB,19540.0
Realme series,GT 6,16/512 GB,22404.0
Realme series,GT 7,8/256 GB,25400.0
Realme series,GT 7,12/256 GB,26300.0
Realme series,GT 7,12/512 GB,24202.0
Realme series,GT 7,16/512 GB,32303.0
Realme series,GT 7 pro 5G,12/256 GB,32000.0
Realme series,GT 7 pro 5G,16/512 GB,36909.0
Realme series,GT 7 T,8/256 GB,20990.0
Realme series,GT 7 T,12/256 GB,23900.0
Realme series,GT 7 T,12/512 GB,26900.0
Realme series,Realme 9i,4/64 GB,6000.0
Realme series,Realme 9i,4/128 GB,6300.0
Realme series,Realme 9i,6/128 GB,6800.0
Realme series,Realme 9 pro 5G,6/128 GB,10900.0
Realme series,Realme 9 pro 5G,8/128 GB,11000.0
Realme series,9 pro plus 5G,6/128 GB,10900.0
Realme series,9 pro plus 5G,8/128 GB,11800.0
Realme series,9 pro plus 5G,8/256 GB,12900.0
Realme series,Realme 9 5G,4/64 GB,9000.0
Realme series,Realme 9 5G,6/128 GB,9900.0
Realme series,9 5G Speed edition,6/128 GB,10000.0
Realme series,9 5G Speed edition,8/128 GB,11000.0
Realme series,Realme 9,6/128 GB,8300.0
Realme series,Realme 9,8/128 GB,8800.0
Realme series,Realme 9i 5G,4/64 GB,8000.0
Realme series,Realme 9i 5G,6/128 GB,9000.0
Realme series,10 pro 5G,6/128 GB,10900.0
Realme series,10 pro 5G,8/128 GB,11800.0
Realme series,10 pro plus 5G,6/128 GB,13000.0
Realme series,10 pro plus 5G,8/128 GB,13900.0
Realme series,10 pro plus 5G,8/256 GB,14000.0
Realme series,Realme 10,4/64 GB,6990.0
Realme series,Realme 10,8/128 GB,8090.0
Realme series,Realme 11 pro 5G,8/128 GB,13000.0
Realme series,Realme 11 pro 5G,8/256 GB,14000.0
Realme series,Realme 11 pro 5G,12/256 GB,15900.0
Realme series,11 pro plus 5G,8/256 GB,15000.0
Realme series,11 pro plus 5G,12/256 GB,16900.0
Realme series,11x 5G,6/128 GB,8400.0
Realme series,11x 5G,8/128 GB,8900.0
Realme series,realme 11 5G,8/128 GB,10000.0
Realme series,realme 11 5G,8/256 GB,11000.0
Realme series,Realme 12 pro 5G,8/128 GB,13900.0
Realme series,Realme 12 pro 5G,8/256 GB,14000.0
Realme series,Realme 12 pro 5G,12/256 GB,14900.0
Realme series,12 pro plus 5G,8/128 GB,15000.0
Realme series,12 pro plus 5G,8/256 GB,10000.0
Realme series,12 pro plus 5G,12/256 GB,18000.0
Realme series,Realme 12 5G,6/128 GB,9500.0
Realme series,Realme 12 5G,8/128 GB,10500.0
Realme series,12 plus 5G,128 GB,11500.0
Realme series,12 plus 5G,256 GB,12000.0
Realme series,12x 5G,4/128 GB,8000.0
Realme series,12x 5G,6/128 GB,9000.0
Realme series,12x 5G,8/128 GB,10000.0
Realme series,P1 5G,6/128 GB,9000.0
Realme series,P1 5G,8/128 GB,9800.0
Realme series,P1 5G,8/256 GB,10500.0
Realme series,P1 pro 5G,8/128 GB,9500.0
Realme series,P1 pro 5G,8/256 GB,10000.0
Realme series,P1 pro 5G,12/256 GB,11000.0
Realme series,P2 pro 5G,8/128 GB,11000.0
Realme series,P2 pro 5G,12/256 GB,12000.0
Realme series,P2 pro 5G,12/512 GB,14000.0
Realme series,P1 Speed 5G,8/128 GB,9800.0
Realme series,P1 Speed 5G,12/256 GB,10800.0
Realme series,P3x 5G,6/128 GB,8500.0
Realme series,P3x 5G,8/128 GB,9300.0
Realme series,P3 5G,6/128 GB,11000.0
Realme series,P3 5G,8/128 GB,12000.0
Realme series,P3 5G,8/256 GB,13000.0
Realme series,P3 pro 5G,8/128 GB,13800.0
Realme series,P3 pro 5G,8/256 GB,14400.0
Realme series,P3 pro 5G,12/256 GB,15800.0
Realme series,P3 Ultra 5G,8/128 GB,14800.0
Realme series,P3 Ultra 5G,8/256 GB,15400.0
Realme series,P3 Ultra 5G,12/256 GB,18000.0
Realme series,Realme 13 5G,128 GB,10800.0
Realme series,Realme 13 5G,256 GB,11800.0
Realme series,13 plus 5G,8/128 GB,11800.0
Realme series,13 plus 5G,8/256 GB,13000.0
Realme series,13 plus 5G,12/256 GB,14000.0
Realme series,13 pro 5G,8/128 GB,14800.0
Realme series,13 pro 5G,8/256 GB,16000.0
Realme series,13 pro 5G,12/256 GB,17000.0
Realme series,13 pro plus 5G,8/256 GB,16500.0
Realme series,13 pro plus 5G,12/256 GB,17000.0
Realme series,13 pro plus 5G,12/512 GB,19300.0
Realme series,14x 5G,6/128 GB,10000.0
Realme series,14x 5G,8/128 GB,11000.0
Realme series,14 pro 5G,128 GB,14800.0
Realme series,14 pro 5G,256 GB,16000.0
Realme series,14 pro plus 5G,8/128 GB,19000.0
Realme series,14 pro plus 5G,8/256 GB,20000.0
Realme series,14 pro plus 5G,12/256 GB,21000.0
Realme series,14 pro plus 5G,12/512 GB,24000.0
Realme series,14 pro lite 5G,128 GB,13800.0
Realme series,14 pro lite 5G,256 GB,15000.0
Realme series,14T 5G,128 GB,12000.0
Realme series,14T 5G,256 GB,14000.0
Samsung,Galaxy A14 5G,4/64 GB,4600.0
Samsung,Galaxy A14 5G,4/128 GB,5300.0
Samsung,Galaxy A14 5G,6/128 GB,5600.0
Samsung,Galaxy A14 5G,8/128 GB,6000.0
Samsung,Galaxy A13,4/64 GB,14999.0
Samsung,Galaxy A13,4/128 GB,15999.0
Samsung,Galaxy A13,6/128 GB,16400.0
Samsung,Galaxy A03,3/32 GB,3800.0
Samsung,Galaxy A03,4/64 GB,4000.0
Samsung,Galaxy A03 Core,2/32 GB,4800.0
Samsung,Galaxy A03s,3/32 GB,5000.0
Samsung,Galaxy A03s,4/64 GB,5500.0
Samsung,Galaxy A10,2/32 GB,3500.0
Samsung,Galaxy A10s,2/32 GB,4600.0
Samsung,Galaxy A10s,3/32 GB,5000.0
Samsung,Galaxy A12,4/128 GB,6800.0
Samsung,Galaxy A12,4/64 GB,7000.0
Samsung,Galaxy A12,6/128 GB,7200.0
Samsung,Galaxy A2 Core,1/16 GB,2000.0
Samsung,Galaxy A20,3/32 GB,5500.0
Samsung,Galaxy A20s,3/32 GB,3800.0
Samsung,Galaxy A20s,4/64 GB,7000.0
Samsung,Galaxy A21s,4/64 GB,5500.0
Samsung,Galaxy A21s,6/64 GB,5800.0
Samsung,Galaxy A21s,6/128 GB,6300.0
Samsung,Galaxy A22,4/128 GB,6500.0
Samsung,Galaxy A22,6/128 GB,6800.0
Samsung,Galaxy A22 5G,6/128 GB,7000.0
Samsung,Galaxy A22 5G,8/128 GB,8500.0
Samsung,Galaxy A23,6/128 GB,8800.0
Samsung,Galaxy A23,8/128 GB,9300.0
Samsung,Galaxy A30,4/64 GB,5000.0
Samsung,Galaxy A30s,128 GB,5000.0
Samsung,Galaxy A30s,64 GB,4500.0
Samsung,Galaxy A31,6/128 GB,6500.0
Samsung,Galaxy A32,6/128 GB,7800.0
Samsung,Galaxy A32,8/128 GB,8000.0
Samsung,Galaxy A50,4/64 GB,6000.0
Samsung,Galaxy A50,6/128 GB,6500.0
Samsung,Galaxy A50,6/64 GB,6800.0
Samsung,Galaxy A50s,4/128 GB,6000.0
Samsung,Galaxy A50s,6/128 GB,6500.0
Samsung,Galaxy A51,6/128 GB,7000.0
Samsung,Galaxy A51,8/128 GB,7500.0
Samsung,Galaxy A52,6/128 GB,9000.0
Samsung,Galaxy A52,8/128 GB,9500.0
Samsung,Galaxy A52s 5G,6/128 GB,9500.0
Samsung,Galaxy A52s 5G,8/128 GB,10000.0
Samsung,Galaxy A53 5G,6/128 GB,10500.0
Samsung,Galaxy A53 5G,8/128 GB,11000.0
Samsung,Galaxy A53 5G,8/256 GB,11300.0
Samsung,Galaxy A6,3/32 GB,2300.0
Samsung,Galaxy A6,4/32 GB,2400.0
Samsung,Galaxy A6,4/64 GB,2500.0
Samsung,Galaxy A6 plus,3/32 GB,3500.0
Samsung,Galaxy A6 plus,4/32 GB,4500.0
Samsung,Galaxy A6 plus,4/64 GB,5000.0
Samsung,Galaxy A7 (2018),4/64 GB,4600.0
Samsung,Galaxy A7 (2018),4/128 GB,4800.0
Samsung,Galaxy A7 (2018),6/128 GB,5000.0
Samsung,Galaxy A70,6/128 GB,30900.0
Samsung,Galaxy A70s,6/128 GB,7800.0
Samsung,Galaxy A70s,8/128 GB,8500.0
Samsung,Galaxy A71,8/128 GB,29499.0
Samsung,Galaxy A72,128 GB,12000.0
Samsung,Galaxy A72,256 GB,12500.0
Samsung,Galaxy A73 5G,128 GB,13500.0
Samsung,Galaxy A73 5G,256 GB,14500.0
Samsung,Galaxy A80,8/128 GB,52000.0
Samsung,Galaxy A9 2018,6/128 GB,3000.0
Samsung,Galaxy A9 2018,8/128 GB,4000.0
Samsung,Galaxy A9pro,4/32 GB,3000.0
Samsung,Galaxy A33 5G,6/128 GB,8990.0
Samsung,Galaxy A33 5G,8/128 GB,18999.0
Samsung,Galaxy A04s,4/64 GB,5500.0
Samsung,Galaxy A04s,128 GB,6000.0
Samsung,Galaxy A04,3/32 GB,3900.0
Samsung,Galaxy A04,4/64 GB,4500.0
Samsung,Galaxy A04,4/128 GB,4900.0
Samsung,Galaxy A23 5G,6/128 GB,8500.0
Samsung,Galaxy A23 5G,8/128 GB,9000.0
Samsung,Galaxy A34 5G,6/128 GB,10000.0
Samsung,Galaxy A34 5G,8/128 GB,10500.0
Samsung,Galaxy A34 5G,8/256 GB,11800.0
Samsung,Galaxy A54 5G,128 GB,16000.0
Samsung,Galaxy A54 5G,256 GB,17000.0
Samsung,Galaxy A14,6/64 GB,7000.0
Samsung,Galaxy A14,8/128 GB,8000.0
Samsung,Galaxy A25 5G,8/128 GB,10500.0
Samsung,Galaxy A25 5G,8/256 GB,12500.0
Samsung,Galaxy A15 5G,6/128 GB,9000.0
Samsung,Galaxy A15 5G,8/128 GB,9300.0
Samsung,Galaxy A15 5G,8/256 GB,9500.0
Samsung,Galaxy A0 5s,4/128 GB,5500.0
Samsung,Galaxy A0 5s,6/128 GB,6000.0
Samsung,Galaxy A05,4/64 GB,4800.0
Samsung,Galaxy A05,6/128 GB,5000.0
Samsung,Galaxy A55 5G,8/128 GB,17900.0
Samsung,Galaxy A55 5G,8/256 GB,18000.0
Samsung,Galaxy A55 5G,12/256 GB,19900.0
Samsung,Galaxy A35 5G,8/128 GB,13000.0
Samsung,Galaxy A35 5G,8/256 GB,13500.0
Samsung,Galaxy A06,4/64 GB,3000.0
Samsung,Galaxy A06,4/128 GB,5500.0
Samsung,Galaxy A06,6/128 GB,5600.0
Samsung,Galaxy A16 5G,6/128 GB,9400.0
Samsung,Galaxy A16 5G,8/128 GB,9600.0
Samsung,Galaxy A16 5G,8/256 GB,10200.0
Samsung,Galaxy A56 5G,8/128 GB,25000.0
Samsung,Galaxy A56 5G,8/256 GB,26000.0
Samsung,Galaxy A56 5G,12/256 GB,28000.0
Samsung,Galaxy A36 5G,8/128 GB,18000.0
Samsung,Galaxy A36 5G,8/256 GB,19800.0
Samsung,Galaxy A36 5G,12/256 GB,21000.0
Samsung,Galaxy A06 5G,4/64 GB,5200.0
Samsung,Galaxy A06 5G,4/128 GB,5500.0
Samsung,Galaxy A06 5G,6/128 GB,5700.0
Samsung,Galaxy J2 2016,1.5/8 GB,6999.0
Samsung,Galaxy J2 2017,1/8 GB,7999.0
Samsung,Galaxy J2 2018,2/16 GB,8200.0
Samsung,Galaxy J2 Ace,1.5/8 GB,8000.0
Samsung,Galaxy J2Core,1/8 GB,6299.0
Samsung,Galaxy J2 Core 2020,1/16 GB,5899.0
Samsung,Galaxy J2 pro,2/16 GB,9999.0
Samsung,Galaxy J3,1.5/8 GB,7999.0
Samsung,Galaxy J3 (2017),2/16 GB,6999.0
Samsung,Galaxy J3 Pro,2/16 GB,7899.0
Samsung,Galaxy J4,2/16 GB,9990.0
Samsung,Galaxy J4,3/32 GB,10999.0
Samsung,Galaxy J4 plus,2/32 GB,10999.0
Samsung,Galaxy J5 2016,2/16 GB,5999.0
Samsung,Galaxy J5 Prime,2/16 GB,10999.0
Samsung,Galaxy J5 Prime,3/32 GB,13899.0
Samsung,Galaxy J6,3/32 GB,9999.0
Samsung,Galaxy J6,4/64 GB,11500.0
Samsung,Galaxy J6 plus,4/64 GB,12899.0
Samsung,Galaxy J7 2016,2/16 GB,8999.0
Samsung,Galaxy J7 Due,4/32 GB,12399.0
Samsung,Galaxy J7 Max,4/32 GB,12999.0
Samsung,Galaxy J7 Nxt,2/16 GB,9990.0
Samsung,Galaxy J7 Nxt,3/32 GB,11490.0
Samsung,Galaxy J7 Prime,32 GB,13899.0
Samsung,Galaxy J8,4/64 GB,15899.0
Samsung,galaxy Note 5,32 GB,3000.0
Samsung,Galaxy Note 8,64 GB,7800.0
Samsung,Galaxy Note 8,128 GB,8200.0
Samsung,Galaxy Note 8,256 GB,9000.0
Samsung,Galaxy Note 9,6/128 GB,10800.0
Samsung,Galaxy Note 9,8/512 GB,11300.0
Samsung,Galaxy Note 10,8/256 GB,14000.0
Samsung,Galaxy Note 10 Lite,6/128 GB,9900.0
Samsung,Galaxy Note 10 Lite,8/128 GB,10000.0
Samsung,Galaxy Note 10 plus,12/256 GB,16000.0
Samsung,Galaxy Note 10 plus,512 GB,17000.0
Samsung,Galaxy Note 10 plus 5G,12/512 GB,17500.0
Samsung,Galaxy Note 20,8/256 GB,16300.0
Samsung,Galaxy Note 20 Ultra 5G,12/256 GB,26000.0
Samsung,Galaxy Note Fan edition,4/64 GB,6500.0
Samsung,Galaxy On Max,4/32 GB,3300.0
Samsung,Galaxy On nxt,16 GB,2900.0
Samsung,Galaxy On nxt,32 GB,3100.0
Samsung,Galaxy On nxt,64 GB,4300.0
Samsung,Galaxy On (2018),4/64 GB,3400.0
Samsung,Galaxy S10,8/128 GB,12000.0
Samsung,Galaxy S10,8/512 GB,12800.0
Samsung,Galaxy s10 lite,128 GB,11000.0
Samsung,Galaxy s10 lite,512 GB,11500.0
Samsung,Galaxy s20,8/128 GB,26799.0
Samsung,Galaxy s20 FE,8/128 GB,13000.0
Samsung,Galaxy s20 FE,256 GB,14000.0
Samsung,Galaxy s20 FE 5G,8/128 GB,14000.0
Samsung,Galaxy s20 plus,8/128 GB,15000.0
Samsung,Galaxy s20 Ultra,12/128 GB,22000.0
Samsung,Galaxy s20 Ultra 5G,12/256 GB,23000.0
Samsung,Galaxy s21 5G,128 GB,17000.0
Samsung,Galaxy s21 5G,256 GB,18000.0
Samsung,Galaxy s21 FE 5G,128 GB,15500.0
Samsung,Galaxy s21 FE 5G,256 GB,16000.0
Samsung,Galaxy s21 plus 5G,128 GB,15000.0
Samsung,Galaxy s21 plus 5G,256 GB,15500.0
Samsung,Galaxy S21 Ultra 5G,12/256 GB,27000.0
Samsung,Galaxy S21 Ultra 5G,16/512 GB,28500.0
Samsung,Galaxy s22 5G,8/128 GB,22000.0
Samsung,Galaxy s22 5G,8/256 GB,23000.0
Samsung,Galaxy s22plus 5G,8/128 GB,23000.0
Samsung,Galaxy s22plus 5G,8/256 GB,24000.0
Samsung,Galaxy s22 Ultra 5G,12/256 GB,38000.0
Samsung,Galaxy s22 Ultra 5G,12/512 GB,39000.0
Samsung,Galaxy s8,4/64 GB,49990.0
Samsung,Galaxy s8 plus,4/64 GB,9000.0
Samsung,Galaxy s8 plus,6/128 GB,9500.0
Samsung,Galaxy s9,64 GB,9500.0
Samsung,Galaxy s9,128 GB,9800.0
Samsung,Galaxy s9,256 GB,10300.0
Samsung,Galaxy s9 plus,64 GB,10000.0
Samsung,Galaxy s9 plus,128 GB,10500.0
Samsung,Galaxy s9 plus,256 GB,11000.0
Samsung,Galaxy s23 5G,128 GB,26000.0
Samsung,Galaxy s23 5G,256 GB,28000.0
Samsung,Galaxy s23 plus 5G,256 GB,34500.0
Samsung,Galaxy s23 plus 5G,512 GB,35500.0
Samsung,Galaxy s23 Ultra 5G,256 GB,48000.0
Samsung,Galaxy s23 Ultra 5G,512 GB,50000.0
Samsung,Galaxy s23 FE 5G,8/128 GB,18999.0
Samsung,Galaxy s23 FE 5G,8/256 GB,19999.0
Samsung,Galaxy s24 5G,128 GB,28000.0
Samsung,Galaxy s24 5G,256 GB,31000.0
Samsung,Galaxy s24 5G,512 GB,33400.0
Samsung,Galaxy s24 plus 5G,256 GB,34000.0
Samsung,Galaxy s24 plus 5G,512 GB,36500.0
Samsung,Galaxy s24 Ultra 5G,256 GB,54000.0
Samsung,Galaxy s24 Ultra 5G,512 GB,55500.0
Samsung,Galaxy s24 FE 5G,128 GB,22500.0
Samsung,Galaxy s24 FE 5G,256 GB,25500.0
Samsung,Galaxy s25 5G,128 GB,42800.0
Samsung,Galaxy s25 5G,256 GB,44000.0
Samsung,Galaxy s25 5G,512 GB,48000.0
Samsung,Galaxy s25 plus 5G,256 GB,48000.0
Samsung,Galaxy s25 plus 5G,512 GB,63000.0
Samsung,Galaxy s25 Ultra 5G,256 GB,73000.0
Samsung,Galaxy s25 Ultra 5G,512 GB,76000.0
Samsung,Galaxy s25 edge,256 GB,66000.0
Samsung,Galaxy s25 edge,512 GB,69000.0
Samsung,Galaxy C7 pro,4/64 GB,6000.0
Samsung,Galaxy C9 pro,6/64 GB,5500.0
Samsung,Galaxy M01,3/32 GB,4000.0
Samsung,Galaxy M01 Core,2/16 GB,4000.0
Samsung,Galaxy M01 Core,2/32 GB,4200.0
Samsung,Galaxy M01s,3/32 GB,3500.0
Samsung,Galaxy M02,2/32 GB,4500.0
Samsung,Galaxy M02,3/32 GB,5000.0
Samsung,Galaxy M02s,3/32 GB,5000.0
Samsung,Galaxy M02s,4/64 GB,6000.0
Samsung,Galaxy M10,2/16 GB,4000.0
Samsung,Galaxy M10,3/32 GB,4300.0
Samsung,Galaxy M10s,3/32 GB,4999.0
Samsung,Galaxy M10s,4/64 GB,5000.0
Samsung,Galaxy M11,3/32 GB,4500.0
Samsung,Galaxy M11,4/64 GB,5000.0
Samsung,Galaxy M12,4/64 GB,6000.0
Samsung,Galaxy M12,6/128 GB,6800.0
Samsung,Galaxy M20,3/32 GB,4100.0
Samsung,Galaxy M20,4/64 GB,4500.0
Samsung,Galaxy M21,4/64 GB,5500.0
Samsung,Galaxy M21,6/128 GB,5700.0
Samsung,Galaxy M21 2021 edition,4/64 GB,5000.0
Samsung,Galaxy M21 2021 edition,6/128 GB,5400.0
Samsung,Galaxy M30,3/32 GB,5000.0
Samsung,Galaxy M30,4/64 GB,5300.0
Samsung,Galaxy M30,6/128 GB,5500.0
Samsung,Galaxy M30s,4/128 GB,5200.0
Samsung,Galaxy M30s,4/64 GB,5000.0
Samsung,Galaxy M30s,6/128 GB,5300.0
Samsung,Galaxy M31,6/64 GB,4500.0
Samsung,Galaxy M31,6/128 GB,4900.0
Samsung,Galaxy M31,8/128 GB,5200.0
Samsung,Galaxy M31s,6/128 GB,5600.0
Samsung,Galaxy M31s,8/128 GB,5800.0
Samsung,Galaxy M32,4/64 GB,6500.0
Samsung,Galaxy M32,6/128 GB,7000.0
Samsung,Galaxy M32 5G,6/128 GB,8100.0
Samsung,Galaxy M32 5G,8/128 GB,8600.0
Samsung,Galaxy M33 5G,6/128 GB,10500.0
Samsung,Galaxy M33 5G,8/128 GB,10700.0
Samsung,Galaxy M40,6/128 GB,11000.0
Samsung,Galaxy M42 5G,6/128 GB,9000.0
Samsung,Galaxy M42 5G,8/128 GB,9200.0
Samsung,Galaxy M51,6/128 GB,6500.0
Samsung,Galaxy M51,8/128 GB,6800.0
Samsung,Galaxy M52 5G,6/128 GB,9000.0
Samsung,Galaxy M52 5G,8/128 GB,9800.0
Samsung,Galaxy M53 5G,6/128 GB,9400.0
Samsung,Galaxy M53 5G,8/128 GB,9800.0
Samsung,Galaxy M13 5G,4/64 GB,5700.0
Samsung,Galaxy M13 5G,6/128 GB,6000.0
Samsung,Galaxy M32 Prime Edition,4/64 GB,8000.0
Samsung,Galaxy M32 Prime Edition,6/128 GB,8500.0
Samsung,Galaxy M04,64 GB,4000.0
Samsung,Galaxy M04,128 GB,4500.0
Samsung,Galaxy M14 5G,4/64 GB,6500.0
Samsung,Galaxy M14 5G,4/128 GB,7000.0
Samsung,Galaxy M14 5G,6/128 GB,7500.0
Samsung,Galaxy M34 5G,6/128 GB,9000.0
Samsung,Galaxy M34 5G,8/128 GB,9300.0
Samsung,Galaxy M34 5G,8/256 GB,10000.0
Samsung,Galaxy M55 5G,8/128 GB,13000.0
Samsung,Galaxy M55 5G,8/256 GB,17000.0
Samsung,Galaxy M55 5G,12/256 GB,16000.0
Samsung,Galaxy M15 5G,4/128 GB,7000.0
Samsung,Galaxy M15 5G,6/128 GB,7300.0
Samsung,Galaxy M15 5G,8/128 GB,7700.0
Samsung,Galaxy M14 4G,4/64 GB,6500.0
Samsung,Galaxy M14 4G,6/128 GB,7300.0
Samsung,Galaxy M14 4G,4/128 GB,7000.0
Samsung,Galaxy M35 5G,6/128 GB,9700.0
Samsung,Galaxy M35 5G,8/128 GB,10000.0
Samsung,Galaxy M35 5G,8/256 GB,10400.0
Samsung,Galaxy M55s 5G,128 GB,11000.0
Samsung,Galaxy M55s 5G,256 GB,14000.0
Samsung,Galaxy M05,4/64 GB,3000.0
Samsung,Galaxy M06 5G,4/128 GB,5500.0
Samsung,Galaxy M06 5G,6/128 GB,6500.0
Samsung,Galaxy M16 5G,4/128 GB,7700.0
Samsung,Galaxy M16 5G,6/128 GB,8500.0
Samsung,Galaxy M16 5G,8/128 GB,9000.0
Samsung,Galaxy M56 5G,128 GB,17000.0
Samsung,Galaxy M56 5G,256 GB,19500.0
Samsung,Galaxy M36 5G,6/128 GB,11500.0
Samsung,Galaxy M36 5G,8/128 GB,12500.0
Samsung,Galaxy M36 5G,8/256 GB,14000.0
Samsung,Galaxy Z Fold 2 5G,12/256 GB,28000.0
Samsung,Galaxy Z Fold 3 5G,256 GB,33000.0
Samsung,Galaxy Z Fold 3 5G,512 GB,34500.0
Samsung,Galaxy Z Fold 4,256 GB,46000.0
Samsung,Galaxy Z Fold 4,512 GB,48000.0
Samsung,Galaxy Z Fold 5,256 GB,56000.0
Samsung,Galaxy Z Fold 5,512 GB,57000.0
Samsung,Galaxy Z Fold 6 5G,256 GB,75000.0
Samsung,Galaxy Z Fold 6 5G,512 GB,78000.0
Samsung,Galaxy Z Fold 7,12/256 GB,97000.0
Samsung,Galaxy Z Fold 7,12/512 GB,101000.0
Samsung,Galaxy Z Flip 3,8/512 GB,23000.0
Samsung,Galaxy Z Flip3 5G,128 GB,19800.0
Samsung,Galaxy Z Flip3 5G,256 GB,20000.0
Samsung,Galaxy Z Flip 4,8/128 GB,21000.0
Samsung,Galaxy Z Flip 4,8/256 GB,22000.0
Samsung,Galaxy Z Flip 5,256 GB,30200.0
Samsung,Galaxy Z Flip 5,512 GB,33000.0
Samsung,Galaxy Z Flip 6 5G,256 GB,40000.0
Samsung,Galaxy Z Flip 6 5G,512 GB,43000.0
Samsung,Galaxy Z Flip 7,256 GB,63000.0
Samsung,Galaxy Z Flip 7,512 GB,66000.0
Samsung,Galaxy F02s,3/32 GB,5000.0
Samsung,Galaxy F02s,4/64 GB,6300.0
Samsung,Galaxy F12,4/128 GB,6700.0
Samsung,Galaxy F12,4/64 GB,7200.0
Samsung,Galaxy F13,64 GB,5000.0
Samsung,Galaxy F13,128 GB,6000.0
Samsung,Galaxy F22,4/64 GB,7000.0
Samsung,Galaxy F22,6/128 GB,7500.0
Samsung,Galaxy F23 5G,4/128 GB,8000.0
Samsung,Galaxy F23 5G,6/128 GB,9000.0
Samsung,Galaxy F41,64 GB,6000.0
Samsung,Galaxy F41,128 GB,65000.0
Samsung,Galaxy F42 5G,6/128 GB,8800.0
Samsung,Galaxy F42 5G,8/128 GB,9300.0
Samsung,Galaxy F62,6/128 GB,8200.0
Samsung,Galaxy F62,8/128 GB,8500.0
Samsung,Galaxy F14 5G,4/128 GB,6500.0
Samsung,Galaxy F14 5G,6/128 GB,7200.0
Samsung,Galaxy F04,4/64 GB,4500.0
Samsung,Galaxy F54 5G,8/256 GB,11200.0
Samsung,Galaxy F34 5G,6/128 GB,8500.0
Samsung,Galaxy F34 5G,8/128 GB,9000.0
Samsung,Galaxy F15 5G,4/128 GB,7000.0
Samsung,Galaxy F15 5G,6/128 GB,7700.0
Samsung,Galaxy F15 5G,8/128 GB,8200.0
Samsung,Galaxy F55 5G,8/128 GB,10100.0
Samsung,Galaxy F55 5G,8/256 GB,11500.0
Samsung,Galaxy F55 5G,12/256 GB,13000.0
Samsung,Galaxy F14,4/64 GB,10998.0
Samsung,Galaxy F05,4/64 GB,4000.0
Samsung,Galaxy F06 5G,4/64 GB,5100.0
Samsung,Galaxy F06 5G,4/128 GB,5500.0
Samsung,Galaxy F06 5G,6/128 GB,6500.0
Samsung,Galaxy F16 5G,4/128 GB,8000.0
Samsung,Galaxy F16 5G,6/128 GB,9000.0
Samsung,Galaxy F16 5G,8/128 GB,9500.0
Samsung,Galaxy F36 5G,6/128 GB,10000.0
Samsung,Galaxy F36 5G,8/128 GB,10600.0
Samsung,Galaxy F36 5G,8/256 GB,11600.0
VIVO,V9 PRO,4/64GB,4500.0
VIVO,V9 PRO,6/64GB,5000.0
VIVO,V11 PRO,6/64GB,4800.0
VIVO,V11,6/64GB,4808.0
VIVO,V9 YOUTH,4/32GB,3505.0
VIVO,V9,4/64GB,4080.0
VIVO,V7,4/32GB,3080.0
VIVO,V7 PLUS,4/64GB,3800.0
VIVO,V5 PLUS,4/32GB,3800.0
VIVO,V5 PLUS,4/64GB,4000.0
VIVO,V5,4/32GB,12789.0
VIVO,V3,16GB,1800.0
VIVO,V3,32GB,2880.0
VIVO,V3 MAX,4/32GB,1900.0
VIVO,V15 PRO,6/128GB,6500.0
VIVO,V15 PRO,8/128GB,7000.0
VIVO,V15,6/64GB,5080.0
VIVO,V15,6/128GB,6080.0
VIVO,V17 PRO,8/128GB,7056.0
VIVO,V17,8/128GB,6500.0
VIVO,V19,128GB,7000.0
VIVO,V19,256GB,8900.0
VIVO,V20,128GB,7000.0
VIVO,V20,256GB,8000.0
VIVO,V20 5E,8/128GB,6300.0
VIVO,V20 PRO,8/128GB,8800.0
VIVO,V20 2021,8/128GB,6500.0
VIVO,V20 2021,8/256GB,7000.0
VIVO,V 21 5G,128GB,9356.0
VIVO,V 21 5G,256GB,9880.0
VIVO,V21E 5G,128GB,8800.0
VIVO,V21E 5G,256GB,9080.0
VIVO,V23 5G,8/128GB,13800.0
VIVO,V23 5G,12/256GB,14800.0
VIVO,V23 PRO,8/128GB,15900.0
VIVO,V23 PRO,12/256GB,17000.0
VIVO,V23E 5G,8/128GB,12900.0
VIVO,V25 PRO 5G,8/128GB,16900.0
VIVO,V25 PRO 5G,12/256GB,17900.0
VIVO,V25 5G,8/128GB,13900.0
VIVO,V25 5G,12/256GB,15000.0
VIVO,V27 PRO,8/128GB,19000.0
VIVO,V27 PRO,8/256GB,19900.0
VIVO,V27 PRO,12/256GB,2090.0
VIVO,V27,8/128GB,17923.0
VIVO,V27,12/256GB,18920.0
VIVO,V29E,128GB,15900.0
VIVO,V29E,256GB,16900.0
VIVO,V29,8/128GB,18000.0
VIVO,V29,12/256GB,19200.0
VIVO,V29 PRO,8/256GB,21000.0
VIVO,V29 PRO,12/256GB,22000.0
VIVO,V30,8/128GB,19000.0
VIVO,V30,8/256GB,19900.0
VIVO,V30,12/256GB,21000.0
VIVO,V30 PRO,8/256GB,22000.0
VIVO,V30 PRO,12/512GB,24900.0
VIVO,V30 E,128GB,16800.0
VIVO,V30 E,256GB,17900.0
VIVO,V40,8/128GB,21000.0
VIVO,V40,8/256GB,22000.0
VIVO,V40,12/512GB,24000.0
VIVO,V40 PRO,8/256GB,28000.0
VIVO,V40 PRO,12/512GB,29900.0
VIVO,V40E,128GB,17000.0
VIVO,V40E,256GB,18908.0
VIVO,V50,8/128GB,23000.0
VIVO,V50,8/256GB,24000.0
VIVO,V50,12/512GB,25000.0
VIVO,V50e,128GB,17900.0
VIVO,V50e,256GB,19000.0
VIVO,X21,6/128 GB,4200.0
VIVO,X50,128 GB,8000.0
VIVO,X50,256 GB,8500.0
VIVO,X50 Pro,8/256 GB,11000.0
VIVO,X60,8/128 GB,115000.0
VIVO,X60,12/256 GB,12000.0
VIVO,X60 pro,12/256 GB,16000.0
VIVO,X60 pro plus,12/256 GB,16000.0
VIVO,X70 pro,8/128 GB,16000.0
VIVO,X70 pro,8/256 GB,17000.0
VIVO,X70 pro,12/256 GB,18000.0
VIVO,X70 pro plus,12/256 GB,20080.0
VIVO,X80,8/128 GB,17000.0
VIVO,X80,12/256 GB,19000.0
VIVO,X80 pro,12/256 GB,23000.0
VIVO,X90,8/256 GB,27000.0
VIVO,X90,12/256 GB,28000.0
VIVO,X90 Pro,12/256 GB,32000.0
VIVO,X100,12/256 GB,30000.0
VIVO,X100,16/512 GB,32000.0
VIVO,X100 pro,16/512 GB,36000.0
VIVO,X Fold 3 pro,16/512 GB,66600.0
VIVO,X200,12/256 GB,38080.0
VIVO,X200,16/512 GB,40000.0
VIVO,X200 pro,16/512 GB,53000.0
VIVO,Y83 PRO,4/64 GB,3080.0
VIVO,Y71i,2/16 GB,2000.0
VIVO,Y81,3/32 GB,2000.0
VIVO,Y81,4/32 GB,2800.0
VIVO,Y83,4/32 GB,3080.0
VIVO,Y71i,3/16 GB,2000.0
VIVO,Y71i,3/32 GB,2300.0
VIVO,Y71i,4/32 GB,2500.0
VIVO,Y53i,2/16 GB,1120.0
VIVO,Y69,3/32 GB,1800.0
VIVO,Y55s,3/16 GB,1400.0
VIVO,Y66,3/32 GB,2200.0
VIVO,Y55L,2/16 GB,1500.0
VIVO,Y53,2/16 GB,1600.0
VIVO,Y31 L,1/16 GB,1400.0
VIVO,Y21 L,1/16 GB,8389.0
VIVO,Y21,1/16 GB,12999.0
VIVO,Y51 L,2/16 GB,12350.0
VIVO,Y 95,4/64 GB,4000.0
VIVO,Y93,3/64 GB,3000.0
VIVO,Y93,4/32 GB,3900.0
VIVO,Y81i,2/16 GB,2000.0
VIVO,Y91,2/32 GB,2900.0
VIVO,Y91,3/32 GB,3000.0
VIVO,Y91i,2/16 GB,2900.0
VIVO,Y91i,2/32 GB,3800.0
VIVO,Y91i,3/32 GB,4300.0
VIVO,Y17,4/128 GB,5600.0
VIVO,Y15 2019,4/64 GB,4500.0
VIVO,Y12,3/64 GB,4500.0
VIVO,Y12,4/32 GB,5500.0
VIVO,Y90,2/16 GB,3080.0
VIVO,Y19,4/128 GB,5000.0
VIVO,Y11 2019,3/32 GB,3500.0
VIVO,Y50,8/128 GB,6500.0
VIVO,Y30,4/128 GB,5500.0
VIVO,Y30,6/128 GB,6500.0
VIVO,Y20i,3/64 GB,4800.0
VIVO,Y20i,4/64 GB,5000.0
VIVO,Y20i,6/64 GB,5900.0
VIVO,Y51 2020,8/128 GB,6800.0
VIVO,Y20 5G,4/64 GB,5500.0
VIVO,Y20 5G,6/128 GB,6500.0
VIVO,Y51 A,6/128 GB,5500.0
VIVO,Y51 A,8/128 GB,6800.0
VIVO,Y20 A,3/64 GB,4500.0
VIVO,Y31 2021,6/128 GB,5500.0
VIVO,Y73,8/128 GB,7000.0
VIVO,Y72 5G,8/128 GB,7300.0
VIVO,Y12s,3/32 GB,4700.0
VIVO,Y1s,2/32 GB,4000.0
VIVO,Y1s,3/32 GB,4300.0
VIVO,Y53s,8/128 GB,6150.0
VIVO,Y12 G,3/32 GB,4000.0
VIVO,Y12 G,3/64 GB,4500.0
VIVO,Y33s,8/128 GB,6500.0
VIVO,Y21 2021,64 GB,5500.0
VIVO,Y21 2021,128 GB,6000.0
VIVO,Y3s 2021,2/32 GB,3500.0
VIVO,Y20 T,6/64 GB,5500.0
VIVO,Y21 T,4/128 GB,7000.0
VIVO,Y75 5G,8/128 GB,11000.0
VIVO,Y21e,3/64 GB,6000.0
VIVO,Y21a,4/64 GB,7000.0
VIVO,Y33T,8/128 GB,8500.0
VIVO,Y15s 2021,3/32 GB,5020.0
VIVO,Y21 G,4/64 GB,6880.0
VIVO,Y75,8/128 GB,4000.0
VIVO,Y01,2/32 GB,4400.0
VIVO,Y22 2022,4/64 GB,7600.0
VIVO,Y22 2022,4/128 GB,7800.0
VIVO,Y22 2022,6/128 GB,8000.0
VIVO,Y16,3/32 GB,3000.0
VIVO,Y16,3/64 GB,3300.0
VIVO,Y16,4/64 GB,5800.0
VIVO,Y16,4/128 GB,6200.0
VIVO,Y35,8/128 GB,8000.0
VIVO,Y02,3/32 GB,4800.0
VIVO,Y100 5G,8/128 GB,11000.0
VIVO,Y56 5G,4/128 GB,9800.0
VIVO,Y56 5G,8/128 GB,10100.0
VIVO,Y01a,2/32 GB,4400.0
VIVO,Y100 A5G,128 GB,10500.0
VIVO,Y100 A5G,256 GB,11500.0
VIVO,Y02 T,4/64 GB,5300.0
VIVO,Y27,6/128 GB,7700.0
VIVO,Y 36,8/128 GB,8800.0
VIVO,Y17s,4/64 GB,6800.0
VIVO,Y17s,4/128 GB,7200.0
VIVO,Y200 5G,8/128 GB,12500.0
VIVO,Y200 5G,8/256 GB,13500.0
VIVO,Y28 5G,4/128 GB,8800.0
VIVO,Y28 5G,6/128 GB,9300.0
VIVO,Y28 5G,8/128 GB,10000.0
VIVO,Y200e 5G,6/128 GB,11290.0
VIVO,Y200e 5G,8/128 GB,12080.0
VIVO,Y 18,64 GB,5500.0
VIVO,Y 18,128 GB,6000.0
VIVO,Y18e,4/64 GB,5500.0
VIVO,Y200 pro 5G,8/128 GB,14900.0
VIVO,Y28s 5G,4/128 GB,9000.0
VIVO,Y28s 5G,6/128 GB,10000.0
VIVO,Y28s 5G,8/128 GB,11000.0
VIVO,Y58 5G,8/128 GB,11000.0
VIVO,Y18 T,4/128 GB,6000.0
VIVO,Y300,128 GB,13800.0
VIVO,Y300,256 GB,15000.0
VIVO,Y300 plus 5G,8/128 GB,17000.0
VIVO,Y29 5G,8/256 GB,11000.0
VIVO,Y29 5G,4/128 GB,9000.0
VIVO,Y29 5G,6/128 GB,10000.0
VIVO,Y29 5G,8/128 GB,9900.0
VIVO,Y19 5G,4/64 GB,7300.0
VIVO,Y19 5G,4/128 GB,8000.0
VIVO,Y19 5G,6/128 GB,8800.0
VIVO,Y19e,4/64 GB,6000.0
VIVO,Y39 5G,128 GB,11000.0
VIVO,Y39 5G,256 GB,12000.0
VIVO,Y400 pro 5G,128 GB,24999.0
VIVO,Y400 pro 5G,256 GB,26999.0
VIVO,Nex,8/128 GB,47926.0
VIVO,Z 10,4/32 GB,4989.0
VIVO,Z1 pro,4/64 GB,4599.0
VIVO,Z1 pro,6/64 GB,5699.0
VIVO,Z1 pro,6/128 GB,6699.0
VIVO,Z1 pro,8/128 GB,7999.0
VIVO,Z1x,4/128 GB,7999.0
VIVO,Z1x,6/64 GB,8999.0
VIVO,Z1x,6/128 GB,9899.0
VIVO,Z1x,8/128 GB,10889.0
VIVO,S1,4/128 GB,15940.0
VIVO,S1,6/64 GB,17999.0
VIVO,S1,6/128 GB,20999.0
VIVO,S1pro,8/128 GB,22999.0
VIVO,U10,3/32 GB,10990.0
VIVO,U10,3/64 GB,11990.0
VIVO,U10,4/64 GB,13990.0
VIVO,U20,4/64 GB,10128.0
VIVO,U20,6/64 GB,11200.0
VIVO,U20,8/128 GB,13800.0
VIVO,T1 5G,4/128 GB,21499.0
VIVO,T1 5G,6/128 GB,22999.0
VIVO,T1 5G,8/128 GB,23266.0
VIVO,T1PRO 5G,6/128 GB,23999.0
VIVO,T1PRO 5G,8/128 GB,24999.0
VIVO,T1,4/128 GB,13990.0
VIVO,T1,6/128 GB,15999.0
VIVO,T1,8/128 GB,16899.0
VIVO,T1X,4/64 GB,9450.0
VIVO,T1X,4/128 GB,10499.0
VIVO,T1X,6/128 GB,12999.0
VIVO,T2 5G,6/128 GB,15999.0
VIVO,T2 5G,8/128 GB,17999.0
VIVO,T2X 5G,4/128 GB,11999.0
VIVO,T2X 5G,6/128 GB,13499.0
VIVO,T2 pro 5G,128 GB,20999.0
VIVO,T2 pro 5G,256 GB,22999.0
VIVO,T3X 5G,4/128 GB,15999.0
VIVO,T3X 5G,6/128 GB,17999.0
VIVO,T3X 5G,8/128 GB,19999.0
VIVO,T3 5G,128 GB,15999.0
VIVO,T3 5G,256 GB,18399.0
VIVO,T3 life 5G,4/128 GB,10499.0
VIVO,T3 life 5G,6/128 GB,11499.0
VIVO,T3 pro 5G,128 GB,22999.0
VIVO,T3 pro 5G,256 GB,24999.0
VIVO,T3 Ultra,8/128 GB,27999.0
VIVO,T3 Ultra,8/256 GB,29999.0
VIVO,T3 Ultra,12/256 GB,31999.0
VIVO,T4x 5G,6/128 GB,13499.0
VIVO,T4x 5G,8/128 GB,14499.0
VIVO,T4x 5G,8/256 GB,16499.0
VIVO,T4 5G,8/128 GB,20999.0
VIVO,T4 5G,8/256 GB,22999.0
VIVO,T4 5G,12/256 GB,24999.0
VIVO,T4 Ultra5G,8/256 GB,35999.0
VIVO,T4 Ultra5G,12/256 GB,37999.0
VIVO,T4 Ultra5G,12/512 GB,39999.0
VIVO,T4 lite 5G,4/128 GB,9999.0
VIVO,T4 lite 5G,6/128 GB,10999.0
VIVO,T4 lite 5G,8/256 GB,12999.0
